{
  "\u03a6_load": 0.05415328921725839,
  "\u03a6_flux": 0.8681492811230342,
  "\u03a6_entropy": 0.26780151952955816,
  "\u03a6_coherence": 0.8625183365684196,
  "last_command": "DRIFT",
  "timestamp": 1761143165.807452
}