{
  "\u03a6_load": 0.21288404136853872,
  "\u03a6_flux": 0.8854865332996454,
  "\u03a6_entropy": 0.30081965615798767,
  "\u03a6_coherence": 0.7784839444695358,
  "last_command": "DRIFT",
  "timestamp": 1763424716.0609403
}