{
  "\u03a6_load": 0.2420453350615343,
  "\u03a6_flux": 0.869906596537414,
  "\u03a6_entropy": 0.1566106776334619,
  "\u03a6_coherence": 0.8557042732713842,
  "last_command": "DRIFT",
  "timestamp": 1765500399.6035979
}