{
  "\u03a6_load": 0.2286789421404939,
  "\u03a6_flux": 0.854634661218272,
  "\u03a6_entropy": 0.18910138030176044,
  "\u03a6_coherence": 0.8476644137231475,
  "last_command": "DRIFT",
  "timestamp": 1765310283.7211623
}