{
  "\u03a6_load": 0.3476284183643319,
  "\u03a6_flux": 0.7972153723006045,
  "\u03a6_entropy": 0.20337962191835057,
  "\u03a6_coherence": 0.856357447349472,
  "last_command": "DRIFT",
  "timestamp": 1764755351.7963078
}