{
  "\u03a6_load": 0.0018546771122026696,
  "\u03a6_flux": 0.23311790437764388,
  "\u03a6_entropy": 0.19798216483672104,
  "\u03a6_coherence": 0.910739459342024,
  "last_command": "DRIFT",
  "timestamp": 1761003153.4563048
}