{
  "\u03a6_load": 0.04324366647374962,
  "\u03a6_flux": 0.8396583875913343,
  "\u03a6_entropy": 0.3622689320605973,
  "\u03a6_coherence": 0.8082972118451213,
  "last_command": "DRIFT",
  "timestamp": 1762646543.3532698
}