{
  "\u03a6_load": 0.25276836494530447,
  "\u03a6_flux": 0.8291520341645408,
  "\u03a6_entropy": 0.24456522713655143,
  "\u03a6_coherence": 0.7797715687915632,
  "last_command": "DRIFT",
  "timestamp": 1763856092.0732238
}