{
  "\u03a6_load": 0.3504036766285941,
  "\u03a6_flux": 0.7896103137452881,
  "\u03a6_entropy": 0.2046770699472629,
  "\u03a6_coherence": 0.8605187545977877,
  "last_command": "DRIFT",
  "timestamp": 1764632479.3061445
}