{
  "\u03a6_load": 0.24605890529020463,
  "\u03a6_flux": 0.910493304347397,
  "\u03a6_entropy": 0.2803092342021913,
  "\u03a6_coherence": 0.7813459230499588,
  "last_command": "DRIFT",
  "timestamp": 1763472380.3398554
}