{
  "\u03a6_load": 0.24037964628326536,
  "\u03a6_flux": 0.8434844777481257,
  "\u03a6_entropy": 0.137215708598918,
  "\u03a6_coherence": 0.8451734586953173,
  "last_command": "DRIFT",
  "timestamp": 1765645077.0134778
}