{
  "\u03a6_load": 0.09324674177052693,
  "\u03a6_flux": 0.8676102273118745,
  "\u03a6_entropy": 0.27750659809053435,
  "\u03a6_coherence": 0.8630259498081938,
  "last_command": "DRIFT",
  "timestamp": 1761692641.6575656
}