{
  "\u03a6_load": 0.03892102665991735,
  "\u03a6_flux": 0.8847450994368264,
  "\u03a6_entropy": 0.27962417453491684,
  "\u03a6_coherence": 0.8371063896645445,
  "last_command": "DRIFT",
  "timestamp": 1761055649.9255023
}