{
  "\u03a6_load": 0.09807648792137298,
  "\u03a6_flux": 0.872648792202257,
  "\u03a6_entropy": 0.2979716705930161,
  "\u03a6_coherence": 0.8762292261523531,
  "last_command": "DRIFT",
  "timestamp": 1761760529.7325869
}