{
  "\u03a6_load": 0.21902651760641795,
  "\u03a6_flux": 0.9017268018962582,
  "\u03a6_entropy": 0.2839015018619589,
  "\u03a6_coherence": 0.7522269005478417,
  "last_command": "DRIFT",
  "timestamp": 1763507908.7603133
}