{
  "\u03a6_load": 0.23383190712112423,
  "\u03a6_flux": 0.8473039802113186,
  "\u03a6_entropy": 0.1401568649216716,
  "\u03a6_coherence": 0.8570750995148227,
  "last_command": "DRIFT",
  "timestamp": 1765587644.402814
}