{
  "\u03a6_load": 0.22572526844982418,
  "\u03a6_flux": 0.8638972266595943,
  "\u03a6_entropy": 0.26569825006070297,
  "\u03a6_coherence": 0.8234794886637049,
  "last_command": "DRIFT",
  "timestamp": 1763682845.2460213
}