{
  "\u03a6_load": 0.09088670067634452,
  "\u03a6_flux": 0.8685293846645056,
  "\u03a6_entropy": 0.28065576496121214,
  "\u03a6_coherence": 0.8626733744362594,
  "last_command": "DRIFT",
  "timestamp": 1761172044.4894867
}