{
  "\u03a6_load": 0.07622912742657692,
  "\u03a6_flux": 0.8361988957869956,
  "\u03a6_entropy": 0.33269118935994096,
  "\u03a6_coherence": 0.8354729811997074,
  "last_command": "DRIFT",
  "timestamp": 1762732620.2643874
}