{
  "\u03a6_load": 0.28681701053311603,
  "\u03a6_flux": 0.8507836145469012,
  "\u03a6_entropy": 0.20092079152698075,
  "\u03a6_coherence": 0.8268717705594433,
  "last_command": "DRIFT",
  "timestamp": 1765152155.5407825
}