{
  "\u03a6_load": 0.09639624943624907,
  "\u03a6_flux": 0.89461781141224,
  "\u03a6_entropy": 0.29016274054211805,
  "\u03a6_coherence": 0.871827353790309,
  "last_command": "DRIFT",
  "timestamp": 1762213947.1019616
}