{
  "\u03a6_load": 0.2555060911409004,
  "\u03a6_flux": 0.869415190361228,
  "\u03a6_entropy": 0.2028484267486131,
  "\u03a6_coherence": 0.8277465819692258,
  "last_command": "DRIFT",
  "timestamp": 1765234229.9113092
}