{
  "\u03a6_load": 0.23303534470416595,
  "\u03a6_flux": 0.9013641540589569,
  "\u03a6_entropy": 0.26727545088064003,
  "\u03a6_coherence": 0.7939620864822259,
  "last_command": "DRIFT",
  "timestamp": 1763596758.7725573
}