{
  "\u03a6_load": 0.2731468273483861,
  "\u03a6_flux": 0.7804467645984995,
  "\u03a6_entropy": 0.2377939017628755,
  "\u03a6_coherence": 0.8073151262539954,
  "last_command": "DRIFT",
  "timestamp": 1764115728.712452
}