{
  "\u03a6_load": 0.044278095127327784,
  "\u03a6_flux": 0.8787781509315202,
  "\u03a6_entropy": 0.28376957812735776,
  "\u03a6_coherence": 0.8591243825210044,
  "last_command": "DRIFT",
  "timestamp": 1761076020.9525805
}