{
  "\u03a6_load": 0.01563526503707562,
  "\u03a6_flux": 0.6719324890838576,
  "\u03a6_entropy": 0.22813179333644773,
  "\u03a6_coherence": 0.9000642824203053,
  "last_command": "COGNITIVE_LOOP",
  "timestamp": 1761050869.8413272
}
