{
  "\u03a6_load": 0.048159215732801436,
  "\u03a6_flux": 0.8590275667429313,
  "\u03a6_entropy": 0.285253777764074,
  "\u03a6_coherence": 0.8521845863210444,
  "last_command": "DRIFT",
  "timestamp": 1761083088.1550546
}