{
  "\u03a6_load": 0.2733426580641814,
  "\u03a6_flux": 0.7831669793459558,
  "\u03a6_entropy": 0.23790535314086997,
  "\u03a6_coherence": 0.8073014739224845,
  "last_command": "DRIFT",
  "timestamp": 1763937866.5275505
}