{
  "\u03a6_load": 0.06277586222820719,
  "\u03a6_flux": 0.8535540394797948,
  "\u03a6_entropy": 0.3483979714944064,
  "\u03a6_coherence": 0.8154104665038031,
  "last_command": "DRIFT",
  "timestamp": 1762561071.7513561
}