{
  "\u03a6_load": 0.0830811324285258,
  "\u03a6_flux": 0.8620397354973572,
  "\u03a6_entropy": 0.3541356728404176,
  "\u03a6_coherence": 0.837430824230156,
  "last_command": "DRIFT",
  "timestamp": 1763015979.6098113
}