{
  "\u03a6_load": 0.2277832464080962,
  "\u03a6_flux": 0.8691258044557824,
  "\u03a6_entropy": 0.12706021776945423,
  "\u03a6_coherence": 0.8576202793259317,
  "last_command": "DRIFT",
  "timestamp": 1765562482.1711497
}