{
  "\u03a6_load": 0.09580802572354058,
  "\u03a6_flux": 0.8942345317470907,
  "\u03a6_entropy": 0.28139966184844006,
  "\u03a6_coherence": 0.8700379977554967,
  "last_command": "DRIFT",
  "timestamp": 1762380586.938471
}