{
  "\u03a6_load": 0.10603407216499712,
  "\u03a6_flux": 0.8970102220809527,
  "\u03a6_entropy": 0.3587943714370489,
  "\u03a6_coherence": 0.7849285648775125,
  "last_command": "DRIFT",
  "timestamp": 1763079938.1663156
}