{
  "\u03a6_load": 0.06933594539844631,
  "\u03a6_flux": 0.903125139737938,
  "\u03a6_entropy": 0.2990958833995958,
  "\u03a6_coherence": 0.8570036218669518,
  "last_command": "DRIFT",
  "timestamp": 1762434474.7929902
}