{
  "\u03a6_load": 0.09048318614342633,
  "\u03a6_flux": 0.8948118079873381,
  "\u03a6_entropy": 0.38062479402656174,
  "\u03a6_coherence": 0.7959029122596252,
  "last_command": "DRIFT",
  "timestamp": 1763071328.320703
}