{
  "\u03a6_load": 0.22379517228341753,
  "\u03a6_flux": 0.8318417138417629,
  "\u03a6_entropy": 0.29056983159321,
  "\u03a6_coherence": 0.817770744765381,
  "last_command": "DRIFT",
  "timestamp": 1763772029.8673553
}