{
  "\u03a6_load": 0.11589569302209721,
  "\u03a6_flux": 0.9150091135832906,
  "\u03a6_entropy": 0.34391726208499956,
  "\u03a6_coherence": 0.7906873840115002,
  "last_command": "DRIFT",
  "timestamp": 1763250112.548571
}