{
  "\u03a6_load": 0.046120561479501575,
  "\u03a6_flux": 0.867009645605975,
  "\u03a6_entropy": 0.2860397645211614,
  "\u03a6_coherence": 0.8532394056776609,
  "last_command": "DRIFT",
  "timestamp": 1761076871.370753
}