{
  "\u03a6_load": 0.2136107574285008,
  "\u03a6_flux": 0.8501695245114854,
  "\u03a6_entropy": 0.142100694907352,
  "\u03a6_coherence": 0.8179819262789264,
  "last_command": "DRIFT",
  "timestamp": 1765724172.9760213
}