{
  "\u03a6_load": 0.333976655522875,
  "\u03a6_flux": 0.8650081674569814,
  "\u03a6_entropy": 0.2048010444891118,
  "\u03a6_coherence": 0.858164614955859,
  "last_command": "DRIFT",
  "timestamp": 1764976683.8771482
}