{
  "\u03a6_load": 0.23126414511957274,
  "\u03a6_flux": 0.83727418629522,
  "\u03a6_entropy": 0.17384159084486842,
  "\u03a6_coherence": 0.8620755305800527,
  "last_command": "DRIFT",
  "timestamp": 1765409470.973235
}