{
  "alpha_final": 0.95,
  "alpha_initial": 0.55,
  "err_final": 0.1639327575929666,
  "test_id": "I02",
  "v_final": 0.6639279617309666,
  "v_target": 0.49999520413799997
}