{
  "\u0127": 0.001,
  "G": 1e-05,
  "\u039b0": 1e-06,
  "\u03b10": 0.5,
  "\u03c7": 0.75,
  "\u03b7": 0.04,
  "\u03b3_c": 0.02,
  "grid": {
    "N": 512,
    "L": 50.0,
    "dx": 0.09765625,
    "sigma_b": 2.5
  },
  "timing": {
    "T_steps": 6000,
    "dt": 0.001
  },
  "metrics": {
    "NEC_time_mean": 1.3028605623283026e-13,
    "NEC_time_min": -1.8795350531241867e-13,
    "frac_exotic": 0.0003333333333333333,
    "dSdt_tail_mean": -2.8078688482569185e-11
  },
  "classification": "\u274c No Exotic Phase",
  "files": {
    "nec_plot": "PAEV_A1d_NEC_TimeSeries.png",
    "entropy_plot": "PAEV_A1d_EntropySlope.png",
    "bubble_profile_plot": "PAEV_A1d_BubbleProfile.png",
    "nec_hist": "PAEV_A1d_NEC_Histogram.png"
  },
  "timestamp": "2025-10-07T14:31Z"
}