{
  "\u0127": 0.001,
  "G": 1e-05,
  "\u039b0": 1e-06,
  "\u03b10": 0.5,
  "grid": {
    "N": 512,
    "L": 50.0,
    "dx": 0.09765625,
    "R_bubble": 6.0
  },
  "timing": {
    "T_steps": 6000,
    "dt": 0.001
  },
  "metrics": {
    "NEC_time_mean": 0.06151049044027421,
    "NEC_time_min": -4.403572273849083e-05,
    "frac_exotic": 0.024833333333333332,
    "dSdt_tail_mean": -0.040845187130139814
  },
  "classification": "\u274c No Exotic Phase (NEC\u22650)",
  "files": {
    "nec_plot": "PAEV_A1_NEC_TimeSeries.png",
    "entropy_plot": "PAEV_A1_EntropySlope.png",
    "bubble_profile_plot": "PAEV_A1_BubbleProfile.png"
  },
  "timestamp": "2025-10-07T14:13Z"
}