{
  "grid_scales": [
    {
      "N": 256,
      "dt": 0.01
    },
    {
      "N": 512,
      "dt": 0.005
    },
    {
      "N": 1024,
      "dt": 0.0025
    }
  ],
  "noise_amp": 0.03,
  "constants": {
    "\u0127": 0.001,
    "G": 1e-05,
    "\u039b": 1e-06,
    "\u03b1": 0.5,
    "\u03b2": 0.2
  },
  "metrics": {
    "E_mean": [
      0.0002511080893274036,
      0.00024767302153804984,
      0.00025227818354696196
    ],
    "Phi_std": [
      0.6957210982554999,
      0.6947108858078765,
      0.7041475152173098
    ],
    "TH": [
      0.0,
      0.0,
      0.0
    ]
  },
  "CVs": {
    "E_mean": 0.007806484817554669,
    "Phi_std": 0.00605922710277449,
    "TH": NaN
  },
  "classification": "\u26a0\ufe0f Marginal universality",
  "timestamp": "2025-10-08T13:07Z"
}