{
  "boundaries": [
    "periodic",
    "absorbing",
    "sponge"
  ],
  "geometries": [
    "circular",
    "elliptical"
  ],
  "noise_amp": 0.03,
  "constants": {
    "\u0127": 0.001,
    "G": 1e-05,
    "\u039b": 1e-06,
    "\u03b1": 0.5,
    "\u03b2": 0.2
  },
  "metrics": {
    "Phi_mean": [
      0.034962273069467795,
      0.06393953177525649,
      0.034962324631972116,
      0.06393958333776084,
      0.034956254194991085,
      0.06393351290077981
    ],
    "curvature_exp": [
      -1.64040718466,
      -1.814282051090954,
      -1.640733943733236,
      -1.8146088101641897,
      -1.6844826383908087,
      -1.858357504821763
    ]
  },
  "CVs": {
    "Phi_mean": 0.29300198246682513,
    "curvature_exp": 0.051297671951771665
  },
  "classification": "\u274c Geometry dependent",
  "timestamp": "2025-10-08T13:11Z"
}