{
  "boundaries": [
    "periodic",
    "absorbing",
    "sponge"
  ],
  "geometries": [
    "circular",
    "elliptical"
  ],
  "noise_amp": 0.01,
  "constants": {
    "\u0127": 0.001,
    "G": 1e-05,
    "\u039b": 1e-06,
    "\u03b1": 0.5,
    "\u03b2": 0.2
  },
  "metrics": {
    "Phi_mean": [
      -2.7755575615628914e-17,
      2.7755575615628914e-17,
      -2.7755575615628914e-17,
      6.938893903907228e-17,
      1.3877787807814457e-17,
      9.71445146547012e-17
    ],
    "curvature_exp": [
      -0.2601052807949024,
      -0.3196420191402611,
      -0.16405267859758643,
      -0.18530899443533386,
      -0.34073902753241364,
      -0.6436405933150726
    ]
  },
  "CVs": {
    "Phi_mean": 1.0539465470789886,
    "curvature_exp": 0.49779118818705503
  },
  "classification": "\u274c Geometry dependent",
  "timestamp": "2025-10-08T13:14Z"
}