{
  "boundaries": [
    "periodic",
    "absorbing",
    "sponge"
  ],
  "geometries": [
    "circular",
    "elliptical"
  ],
  "noise_amp": 0.01,
  "constants": {
    "\u0127": 0.001,
    "G": 1e-05,
    "\u039b": 1e-06,
    "\u03b1": 0.5,
    "\u03b2": 0.2
  },
  "metrics": {
    "Phi_mean": [
      2.0816681711721685e-17,
      -1.3877787807814457e-17,
      3.469446951953614e-17,
      -2.0816681711721685e-17,
      1.3877787807814457e-17,
      -1.3877787807814457e-17
    ],
    "curvature_exp": [
      -0.25187751558309546,
      -0.32402020645981483,
      -0.17063464750268353,
      -0.18722286048061812,
      -0.32760857407899546,
      -0.5754114553853453
    ]
  },
  "CVs": {
    "Phi_mean": 1.053910168656995,
    "curvature_exp": 0.4397486610545034
  },
  "classification": "\u274c Geometry dependent",
  "timestamp": "2026-01-06T20:49Z"
}