{
  "boundaries": [
    "periodic",
    "absorbing",
    "sponge"
  ],
  "geometries": [
    "circular",
    "elliptical"
  ],
  "noise_amp": 0.02,
  "constants": {
    "\u0127": 0.001,
    "G": 1e-05,
    "\u039b": 1e-06,
    "\u03b1": 0.5,
    "\u03b2": 0.2
  },
  "metrics": {
    "Phi_mean": [
      1.0408340855860843e-17,
      0.0,
      1.3877787807814457e-17,
      0.0,
      1.214306433183765e-17,
      1.0408340855860843e-17
    ],
    "curvature_exp": [
      -0.4102747780851102,
      -0.3873780918142297,
      -0.4046235281702164,
      -0.347524239553531,
      -0.44471380349246653,
      -0.4241319251464881
    ]
  },
  "CVs": {
    "Phi_mean": 0.7229341220719679,
    "curvature_exp": 0.07554136046523709
  },
  "classification": "\u274c Geometry dependent",
  "timestamp": "2026-01-06T20:12Z"
}