{
  "boundaries": [
    "periodic",
    "absorbing",
    "sponge"
  ],
  "geometries": [
    "circular",
    "elliptical"
  ],
  "noise_amp": 0.02,
  "constants": {
    "\u0127": 0.001,
    "G": 1e-05,
    "\u039b": 1e-06,
    "\u03b1": 0.5,
    "\u03b2": 0.2
  },
  "metrics": {
    "Phi_mean": [
      -3.469446951953614e-18,
      6.938893903907228e-18,
      3.469446951953614e-18,
      1.734723475976807e-18,
      5.204170427930421e-18,
      5.204170427930421e-18
    ],
    "curvature_exp": [
      -0.4032215992085828,
      -0.3744425004425959,
      -0.40264152177808454,
      -0.3464300225180479,
      -0.5142728210043981,
      -0.46688900337786227
    ]
  },
  "CVs": {
    "Phi_mean": 0.7803133273813083,
    "curvature_exp": 0.1350984807309156
  },
  "classification": "\u274c Geometry dependent",
  "timestamp": "2025-10-08T13:17Z"
}