{
  "boundaries": [
    "periodic",
    "absorbing",
    "sponge"
  ],
  "geometries": [
    "circular",
    "elliptical"
  ],
  "noise_amp": 0.02,
  "constants": {
    "\u0127": 0.001,
    "G": 1e-05,
    "\u039b": 1e-06,
    "\u03b1": 0.5,
    "\u03b2": 0.2
  },
  "metrics": {
    "Phi_mean": [
      7.806255641895632e-18,
      -2.6020852139652106e-18,
      3.469446951953614e-18,
      2.6020852139652106e-18,
      1.734723475976807e-18,
      2.6020852139652106e-18
    ],
    "curvature_exp": [
      -0.4393835117940265,
      -0.41967462387926857,
      -0.4628516860754371,
      -0.4217520109501311,
      -0.429736392230064,
      -0.4297797397179536
    ]
  },
  "CVs": {
    "Phi_mean": 3.0460621135899144e-06,
    "curvature_exp": 0.03328291321909309
  },
  "classification": "\u2705 Geometry invariant",
  "timestamp": "2026-01-06T20:12Z"
}