{
  "boundaries": [
    "periodic",
    "absorbing",
    "sponge"
  ],
  "geometries": [
    "circular",
    "elliptical"
  ],
  "noise_amp": 0.02,
  "constants": {
    "\u0127": 0.001,
    "G": 1e-05,
    "\u039b": 1e-06,
    "\u03b1": 0.5,
    "\u03b2": 0.2
  },
  "metrics": {
    "Phi_mean": [
      0.0,
      0.0,
      -5.204170427930421e-18,
      6.938893903907228e-18,
      6.938893903907228e-18,
      -5.204170427930421e-18
    ],
    "curvature_exp": [
      -0.4460229142248114,
      -0.3892342586925689,
      -0.448711698491012,
      -0.3734986164697196,
      -0.565531122186834,
      -0.5203912428816563
    ]
  },
  "CVs": {
    "Phi_mean": 4.974193620230125e-06,
    "curvature_exp": 0.1466016874023945
  },
  "classification": "\u26a0\ufe0f Marginal robustness",
  "timestamp": "2025-10-08T13:17Z"
}