{
  "N": 512,
  "T": 2000,
  "noise_levels": [
    0.005,
    0.01,
    0.02,
    0.03
  ],
  "greybody_temp": [
    0.8,
    1.0,
    1.2
  ],
  "constants": {
    "\u0127": 0.001,
    "G": 1e-05,
    "\u039b": 1e-06,
    "\u03b1": 0.5,
    "\u03b2": 0.2
  },
  "metrics": {
    "E_drift": [
      0.6806492901276289,
      0.680653649910522,
      0.6806567358315795,
      0.6804518043681875,
      0.6804605258526598,
      0.6804666990338569,
      0.6800570029826595,
      0.6800744536248554,
      0.6800868053419699,
      0.6796624288773679,
      0.6796886163433395,
      0.6797071519456741
    ],
    "curv_std": [
      0.005873735925375562,
      0.007348785690011661,
      0.008822804062715867,
      0.0058793563067762265,
      0.007355791523843042,
      0.00883119455883297,
      0.0058906036814233885,
      0.007369812079449238,
      0.008847986766458822,
      0.005901859829859493,
      0.007383844429385544,
      0.00886479385711617
    ],
    "spectral_lock": [
      0.905209662606385,
      0.9080300550500213,
      0.9097509382507268,
      0.9052789128736297,
      0.9080995124419343,
      0.9098205176662678,
      0.905415978334474,
      0.9082369116319138,
      0.9099581017917968,
      0.9055511455522839,
      0.9083723061420254,
      0.9100936031002534
    ]
  },
  "CVs": {
    "E_drift": 0.0005463279074887129,
    "curv_std": 0.16384310271554403,
    "spectral_lock": 0.0020674203215824767
  },
  "classification": "\u26a0\ufe0f Marginal stability",
  "timestamp": "2025-10-08T13:21Z"
}