{
  "N": 512,
  "T": 2000,
  "noise_levels": [
    0.005,
    0.01,
    0.02,
    0.03
  ],
  "greybody_temp": [
    0.8,
    1.0,
    1.2
  ],
  "constants": {
    "\u0127": 0.001,
    "G": 1e-05,
    "\u039b": 1e-06,
    "\u03b1": 0.5,
    "\u03b2": 0.2
  },
  "metrics": {
    "E_drift": [
      -0.6801851821492129,
      -0.6801851709719583,
      -0.6801851819828638,
      -0.6801536074283867,
      -0.6801535838985302,
      -0.6801536050561794,
      -0.6800900170799601,
      -0.6800899653221772,
      -0.6800900041826448,
      -0.6800258390156213,
      -0.6800257543339384,
      -0.6800258074436542
    ],
    "curv_std": [
      0.016034303620112527,
      0.020061137768244933,
      0.024085159978737388,
      0.01604291874512708,
      0.020072043236008443,
      0.02409835836209497,
      0.016060150764759067,
      0.02009385661641229,
      0.024124758274682058,
      0.016077385137539167,
      0.02011567324781433,
      0.024151162370302185
    ],
    "spectral_lock": [
      0.9051263741254664,
      0.9079455581745474,
      0.9096656263570498,
      0.9051127978285834,
      0.9079310051927538,
      0.9096503983005065,
      0.9050855870849956,
      0.9079018338018189,
      0.9096198710334323,
      0.9050582993903338,
      0.9078725758310183,
      0.9095892496088392
    ]
  },
  "CVs": {
    "E_drift": 9.000767848489605e-05,
    "curv_std": 0.16385709993282352,
    "spectral_lock": 0.0020603236582190394
  },
  "classification": "\u26a0\ufe0f Marginal stability",
  "timestamp": "2026-01-06T20:49Z"
}