{
  "\u0127": 0.001,
  "\u039b0": 1e-06,
  "best": {
    "\u03b7": 0.9984927120336803,
    "\u03b5": 0.08531966814378263,
    "\u03b1": 0.5705152415323741,
    "S": 2.31811
  },
  "bootstrap": {
    "mean": 2.339383,
    "std": 0.013254622816210163,
    "trials": [
      2.358945,
      2.350055,
      2.33633,
      2.327045,
      2.32454
    ]
  },
  "timestamp": "2025-10-08T08:51Z"
}