{
  "\u0127": 0.001,
  "\u039b0": 1e-06,
  "config": {
    "shots": 800000,
    "\u039b_damp": 6e-05,
    "\u039b_clip": 0.0012
  },
  "auto_tuner_v2": {
    "scanned_points": 250,
    "best": {
      "\u03b7": 0.998,
      "eps_nl": 0.0845,
      "\u03b1": 0.5645,
      "S": 2.6152583347999996,
      "\u039b_mean": 7.59780950043571e-06,
      "\u039b_var": 1.6342784398260882e-11
    },
    "top3": [
      {
        "\u03b7": 0.998,
        "eps_nl": 0.0845,
        "\u03b1": 0.5645,
        "S": 2.6152583347999996,
        "\u039b_mean": 7.59780950043571e-06,
        "\u039b_var": 1.6342784398260882e-11
      },
      {
        "\u03b7": 0.9978888888888889,
        "eps_nl": 0.084,
        "\u03b1": 0.564,
        "S": 2.61525091170625,
        "\u039b_mean": 7.594307556044492e-06,
        "\u039b_var": 1.632521147910635e-11
      },
      {
        "\u03b7": 0.9977777777777778,
        "eps_nl": 0.0845,
        "\u03b1": 0.565,
        "S": 2.6151332689,
        "\u039b_mean": 7.59840578924323e-06,
        "\u039b_var": 1.6346696737853914e-11
      }
    ],
    "tsirelson_fraction": 0.9247731028288542
  },
  "confirmation": {
    "trials": 5,
    "S_mean": 2.5084145974524996,
    "S_std": 0.054242294433850306,
    "individual_trials": [
      2.5370804571312497,
      2.45737900663125,
      2.46991611201875,
      2.60189696586875,
      2.4758004456125
    ]
  },
  "timestamp": "2025-10-08T08:44Z"
}