{
  "\u0127": 0.001,
  "\u039b0": 1e-06,
  "config": {
    "shots": 1500000,
    "\u039b_damp": 5e-05,
    "\u039b_clip": 0.0015,
    "coherence_percentile": 15
  },
  "best": {
    "\u03b7": 0.9974,
    "eps_nl": 0.0815,
    "\u03b1": 0.57,
    "S": 2.698924140891042,
    "\u039b_mean": 7.996578084635788e-06,
    "\u039b_var": 1.8956208277343094e-11
  },
  "confirmation": {
    "S_mean": 2.4799690471398996,
    "S_std": 0.058133394423475704,
    "S_max": 2.5477753064599766,
    "trials": [
      2.372707313238908,
      2.5477753064599766,
      2.498935102142253,
      2.4796055060398308,
      2.500822007818531
    ]
  },
  "timestamp": "2025-10-08T08:57Z"
}