{
  "IC_types": [
    "hot_shell",
    "cold_spike",
    "multi_blob"
  ],
  "constants": {
    "\u0127": 0.001,
    "G": 1e-05,
    "\u039b": 1e-06,
    "\u03b1": 0.5,
    "\u03b2": 0.2
  },
  "noise_amp": 0.01,
  "metrics": {
    "Phi_mean": [
      1.1771650081257683,
      0.13699878545800526,
      1.6858362064162267
    ],
    "curv_exp": [
      1.1738030656251246,
      0.7378022485164366,
      1.0883946858584386
    ],
    "entropy_rate": [
      -0.823448890663226,
      6.499247131052141,
      -2.6757982403889153
    ]
  },
  "collapse_dev": {
    "Phi_mean": 0.6446006097930105,
    "curv_exp": 0.18865204919086698,
    "entropy_rate": 3.9614045307732457
  },
  "classification": "\u274c IC-dependent dynamics",
  "timestamp": "2026-01-06T20:15Z"
}