{
  "IC_types": [
    "hot_shell",
    "cold_spike",
    "multi_blob"
  ],
  "constants": {
    "\u0127": 0.001,
    "G": 1e-05,
    "\u039b": 1e-06,
    "\u03b1": 0.5,
    "\u03b2": 0.2
  },
  "noise_amp": 0.008,
  "metrics": {
    "Phi_mean": [
      0.12998898299734982,
      -1.4999999999999998,
      1.3700110170026505
    ],
    "curv_exp": [
      0.9464342338311209,
      -1.5,
      0.5535657661688792
    ],
    "entropy_rate": [
      1.5,
      -0.9999999999997978,
      -0.5000000000002021
    ]
  },
  "collapse_dev": {
    "Phi_mean": 1.5431382874313113,
    "curv_exp": 1.466534783817695,
    "entropy_rate": 1.4719601443879515
  },
  "classification": "\u274c IC-dependent dynamics",
  "timestamp": "2026-01-06T20:15Z"
}