{
  "IC_types": [
    "hot_shell",
    "cold_spike",
    "multi_blob"
  ],
  "constants": {
    "\u0127": 0.001,
    "G": 1e-05,
    "\u039b": 1e-06,
    "\u03b1": 0.5,
    "\u03b2": 0.2
  },
  "params": {
    "N": 512,
    "T": 3000,
    "dt": 0.01,
    "base_noise": 0.008,
    "gamma_S": 3.0,
    "gamma_kappa": 2.0
  },
  "metrics": {
    "Phi_mean": [
      0.1984377458745432,
      -0.0004869100540275526,
      0.30954229564785074
    ],
    "curv_exp": [
      -0.017692799675491543,
      -0.017300695308684364,
      0.14228078759268936
    ],
    "entropy_rate": [
      -0.0004435084545978407,
      0.005351275906884325,
      0.0005718760030546388
    ],
    "mean_curv": [
      6.369441348267398,
      8.033448773369301,
      5.213954485105787
    ]
  },
  "collapse_dev": {
    "Phi_mean": 0.1282503403091726,
    "curv_exp": 0.07532002246288551,
    "entropy_rate": 0.002526596191489599,
    "mean_curv": 1.1572773912787195
  },
  "classification": "\u274c IC-dependent geometry",
  "timestamp": "2026-01-06T20:15Z"
}