{
  "IC_types": [
    "hot_shell",
    "cold_spike",
    "multi_blob"
  ],
  "constants": {
    "\u0127": 0.001,
    "G": 1e-05,
    "\u039b": 1e-06,
    "\u03b1": 0.5,
    "\u03b2": 0.2
  },
  "params": {
    "N": 512,
    "T": 3000,
    "dt": 0.01,
    "base_noise": 0.008,
    "gamma_S": 2.5,
    "gamma_kappa": 1.0,
    "tau_window": 500
  },
  "metrics": {
    "Phi_mean": [
      0.25163671588924585,
      0.010617119872674347,
      0.3622738432043674
    ],
    "curv_exp": [
      0.1882567433929686,
      0.060680068764775476,
      0.308771233265038
    ],
    "entropy_rate": [
      -0.0003407077380348511,
      -0.007893706885825922,
      7.419787677320766e-05
    ],
    "mean_curv": [
      4.596306904606996,
      10.88855924371267,
      4.976401072778791
    ]
  },
  "collapse_dev": {
    "Phi_mean": 0.14681563293574726,
    "curv_exp": 0.10129647141019568,
    "entropy_rate": 0.003662231394800804,
    "mean_curv": 2.8807893461842724
  },
  "classification": "\u274c IC-dependent geometry",
  "timestamp": "2026-01-06T20:15Z"
}