{
  "IC_types": [
    "hot_shell",
    "cold_spike",
    "multi_blob"
  ],
  "constants": {
    "\u0127": 0.001,
    "G": 1e-05,
    "\u039b": 1e-06,
    "\u03b1": 0.5,
    "\u03b2": 0.2
  },
  "params": {
    "N": 512,
    "T": 3000,
    "dt": 0.01,
    "base_noise": 0.008,
    "gamma_S": 2.5,
    "gamma_kappa0": 1.0,
    "beta_adapt": 3.0
  },
  "metrics": {
    "Phi_mean": [
      -3.895331917865989,
      -3.860655180143314,
      -0.12498325256677145
    ],
    "curv_exp": [
      0.20766000057636874,
      0.2140807145390798,
      0.3696404482031112
    ],
    "entropy_rate": [
      0.0009039490302242261,
      0.0009071451582517564,
      -5.7016144824708864e-05
    ],
    "mean_curv": [
      0.20766000057636874,
      0.2140807145390798,
      0.3696404482031112
    ]
  },
  "collapse_dev": {
    "Phi_mean": 1.769242659210938,
    "curv_exp": 0.07489082551641807,
    "entropy_rate": 0.0004537585384860918,
    "mean_curv": 0.07489082551641807
  },
  "classification": "\u26a0\ufe0f Nearly invariant",
  "timestamp": "2026-01-06T20:15Z",
  "files": {
    "universality_plot": "PAEV_E6g_LogAdaptive.png",
    "gamma_trace_plot": "PAEV_E6g_GammaTrace.png"
  }
}