{
  "dt": 0.002,
  "T": 6000,
  "constants": {
    "\u0127": 0.001,
    "G": 1e-05,
    "\u039b": 1e-06,
    "\u03b1": 0.5,
    "\u03b2": 0.2,
    "noise": 0.0002,
    "\u03b7_G": 0.0004,
    "\u03b7_T": 0.0003,
    "\u03b7_\u039b": 0.0005,
    "\u03bc_mem": 0.35,
    "\u03c4": 80,
    "E_cap": 60000.0
  },
  "metrics": {
    "energy_min": -60000.0,
    "energy_max": 60000.0,
    "energy_stability": -144308.62849516716,
    "corr_S_I": 0.019276201661763845,
    "corr_R_Lambda": 0.011243669914177502
  },
  "classification": "\u274c Weak Feedback or Divergent Energy",
  "files": {
    "energy_plot": "FAEV_G4RC3_EnergyConservation.png",
    "lambda_plot": "FAEV_G4RC3_LambdaEvolution.png",
    "phase_plot": "FAEV_G4RC3_PhasePortrait.png"
  },
  "timestamp": "2025-10-07T10:37Z"
}