{
  "\u0127": 0.001,
  "G": 1e-05,
  "\u039b0": 1e-06,
  "\u03b1": 0.5,
  "\u03b2": 0.2,
  "metrics": {
    "R_I_mean": 1.175017949903661,
    "R_I_std": 54.69759535962542
  },
  "classification": "\u26a0\ufe0f Information curvature residuals detected",
  "timestamp": "2025-10-08T09:30Z"
}