{
  "\u0127": 0.001,
  "G": 1e-05,
  "\u03b1": 0.5,
  "\u039b0": 1e-06,
  "metrics": {
    "R_I_mean": -2.270151635750245,
    "R_I_std": 55.14510957212247
  },
  "classification": "\u26a0\ufe0f Information curvature residuals detected",
  "timestamp": "2025-10-07T18:29Z"
}