{
  "\u0127": 0.001,
  "G": 1e-05,
  "\u03b1": 0.5,
  "metrics": {
    "C_mean": 0.9971820861055445,
    "C_std": 0.000324845764838004
  },
  "classification": "\u2705 Persistent coherence (informational memory preserved)",
  "timestamp": "2025-10-08T09:34Z"
}