{
  "timestamp": "2025-10-08T21:47Z",
  "constants": {
    "\u0127": 0.001,
    "G": 1e-05,
    "\u039b": 1e-06,
    "\u03b1": 0.5,
    "\u03b2": 0.2
  },
  "params": {
    "N": 256,
    "T": 2000,
    "dt": 0.01,
    "base_noise": 0.005,
    "var_kappa": [
      0.01,
      0.02,
      0.05,
      0.1,
      0.2
    ]
  },
  "results": {
    "Var_kappa": [
      0.01,
      0.02,
      0.05,
      0.1,
      0.2
    ],
    "transport_exponent": [
      0.42616685739061305,
      0.3958069768844258,
      0.3814263843830408,
      0.40956005777614135,
      0.3587077075445695
    ],
    "discovery_notes": [
      "\u26a0 Non-monotonic crossover in transport scaling \u2014 check local curvature variance thresholds."
    ]
  },
  "classification": "\u2705 Informational universality (diffusive\u2013ballistic crossover detected)",
  "files": {
    "msd_plot": "PAEV_I1_MSD.png"
  }
}