{
  "timestamp": "2025-10-08T21:49Z",
  "constants": {
    "\u0127": 0.001,
    "G": 1e-05,
    "\u039b": 1e-06,
    "\u03b1": 0.5,
    "\u03b2": 0.2
  },
  "params": {
    "N": 256,
    "T": 4000,
    "dt": 0.01,
    "base_noise": 0.015,
    "var_kappa": [
      0.01,
      0.02,
      0.05,
      0.1,
      0.2
    ]
  },
  "results": {
    "Var_kappa": [
      0.01,
      0.02,
      0.05,
      0.1,
      0.2
    ],
    "mean_velocity": [
      11840.398197914721,
      10546.750410006744,
      6743.648380983784,
      6428.6513655353065,
      3089.9245001990143
    ],
    "discovery_notes": [
      "\u26a0 Super-causal propagation detected \u2014 possible tunnelling or coherence breach."
    ]
  },
  "classification": "\u2705 Entropic velocity and causal information front characterized",
  "files": {
    "velocity_plot": "PAEV_I3_EntropyVelocity.png"
  }
}