{
  "timestamp": "2026-01-06T20:12Z",
  "source_trace": "backend/modules/knowledge/E6Omega_vS_trace_v5c.json",
  "run_type": "v5c",
  "params": {
    "window_steps": {
      "pre": 50,
      "post": 100
    },
    "dt": 0.01,
    "permutations": 3000,
    "bootstrap_samples": 1000,
    "max_lag": 50
  },
  "results": {
    "spearman_rho": -0.012925281606889556,
    "spearman_p": 0.24770571442566636,
    "kendall_tau": -0.008485370275880018,
    "kendall_p": 0.2554802770070259,
    "delta_S_mean": -0.03799999999999989,
    "permutation_p": 0.7266666666666667,
    "best_lag": 10,
    "correlation_best_lag": -0.02128429057027733,
    "bootstrap_ci": [
      -0.23772458333333327,
      0.17691624999999994
    ]
  },
  "files": {
    "figure": "PAEV_I5c_v5c_analysis_201221.png"
  },
  "discovery_notes": [
    "Global \u03c1=-0.013 (p=0.248), \u0394S=-0.038, lag=0.10s",
    "All effects remain within Tessaris algebraic domain; not physically demonstrated."
  ]
}