{
  "parameters": {
    "N": 256,
    "L": 10.0,
    "steps": 600,
    "dt": 0.002,
    "dx": 0.039215686274509665
  },
  "msd_all": {
    "0.0": 9.964009550843329e-34,
    "0.02": 1.126171621945596e-12,
    "0.05": 1.2311102377471405e-11,
    "0.08": 3.304095363859455e-10
  },
  "classification": "Ballistic-dominated regime",
  "slope_estimate": 72.32637021658871,
  "timestamp": "2025-10-08T12:42:32+00:00",
  "files": {
    "msd_plot": "PAEV_TestI_MSD.png"
  }
}