{
  "timestamp": "2025-10-08T21:45Z",
  "constants": {
    "\u0127": 0.001,
    "G": 1e-05,
    "\u039b": 1e-06,
    "\u03b1": 0.5,
    "\u03b2": 0.2
  },
  "parameters": {
    "N": 256,
    "L": 10.0,
    "steps": 600,
    "dt": 0.002,
    "dx": 0.039215686274509665,
    "\u0127": 0.001,
    "\u039b": 1e-06,
    "\u03b1": 0.5,
    "\u03b2": 0.2,
    "\u03c7": 1.0
  },
  "msd_all": {
    "0.0": 0.0002042970041730767,
    "0.02": 0.12019102962750793,
    "0.05": 0.2455093626802546,
    "0.08": 0.017507230226867832
  },
  "classification": "Ballistic-dominated regime",
  "slope_estimate": 45.22465469591048,
  "files": {
    "msd_plot": "PAEV_TestI_MSD.png"
  }
}