{
  "timestamp": "2025-10-08T22:22Z",
  "seed": 4044,
  "constants": {
    "\u0127": 0.001,
    "G": 1e-05,
    "\u039b": 1e-06,
    "\u03b1": 0.5,
    "\u03b2": 0.2
  },
  "params": {
    "N": 256,
    "T": 8000,
    "dt": 0.01,
    "base_noise": 0.018,
    "ema_alpha": 0.3,
    "burst_th": 1.15,
    "burst_min": 5
  },
  "results": {
    "baseline": {
      "label": "baseline_\u03b1=0.5",
      "alpha": 0.5,
      "p": 3.1492299671802607e-06,
      "nu": -0.6862244570670566,
      "bursts": [],
      "stats": {
        "S_mean": 0.06516220716891846,
        "S_std": 0.26775400354487644,
        "vsr_max": 0.028046890640537774,
        "bursts_count": 0,
        "bursts_steps": 0
      }
    },
    "alpha_zero": {
      "label": "\u03b1=0 (no diffusion)",
      "alpha": 0.0,
      "p": 0.08118496160828383,
      "nu": NaN,
      "bursts": [],
      "stats": {
        "S_mean": 0.18789493347783776,
        "S_std": 0.3395912239712223,
        "vsr_max": 0.007740862240837056,
        "bursts_count": 0,
        "bursts_steps": 0
      }
    },
    "comparison": {
      "\u0394p": 0.08118181237831665,
      "\u0394nu": NaN,
      "\u0394bursts": 0
    }
  },
  "files": {
    "figure": "PAEV_J4_ablation_alpha.png"
  }
}