{
  "timestamp": "2025-10-08T23:18Z",
  "seed": 8282,
  "constants": {
    "\u0127": 0.001,
    "G": 1e-05,
    "\u039b": 1e-06,
    "\u03b1": 0.5,
    "\u03b2": 0.2,
    "\u03c7": 1.0
  },
  "params": {
    "N": 512,
    "steps": 2000,
    "dt": 0.002,
    "dx": 1.0,
    "boost_v": 0.21213192829002664,
    "gamma": 1.0482848367219182
  },
  "derived": {
    "c_eff": 0.7071064276334221,
    "transport_exponent_lab": 2.1152908201610137,
    "transport_exponent_boost": 2.587058274521254,
    "delta_p": 0.47176745436024037,
    "xi_lab": 15.019496269634208,
    "xi_boost": 15.992276762964394,
    "delta_xi": 0.9727804933301858
  },
  "files": {
    "plot": "PAEV_L1b_boost_invariance_corrected.png"
  },
  "notes": [
    "Correlation fit stabilized with monotonic window and bounded \u03be\u22641e4.",
    "Boost based on c_eff for Lorentz-like frame mapping.",
    "Target: p_boost\u2248p_lab, \u03be_boost\u2248\u03be_lab under Tessaris Unified Constants.",
    "Model-level test; no physical signaling implied."
  ]
}