{
  "timestamp": "2025-10-08T23:21Z",
  "seed": 8383,
  "constants": {
    "\u0127": 0.001,
    "G": 1e-05,
    "\u039b": 1e-06,
    "\u03b1": 0.5,
    "\u03b2": 0.2,
    "\u03c7": 1.0
  },
  "params": {
    "N": 512,
    "steps": 2200,
    "dt": 0.002,
    "dx": 1.0,
    "snap_every": 10,
    "damping": 0.05,
    "boost_v": 0.21213192829002664,
    "gamma": 1.0482848367219182,
    "fit_window": [
      0.05,
      2.5
    ]
  },
  "derived": {
    "c_eff": 0.7071064276334221,
    "p_lab": 0.5440413068109269,
    "p_boost": 0.5411728793880132,
    "delta_p": -0.0028684274229137108,
    "xi_lab": 16.59099297021111,
    "xi_boost": 18.033688011099034,
    "delta_xi": 1.4426950408879229
  },
  "files": {
    "plot": "PAEV_L1c_boost_invariance_timelike.png"
  },
  "notes": [
    "Transport exponent from time-resolved MSD(t) fit.",
    "Per-snapshot Lorentz-like transform used before MSD in boost frame.",
    "FWHM\u2192\u03be proxy avoids unstable exp-fit overflows.",
    "Model-level test; no physical signaling implied."
  ]
}