{
  "\u0127": 0.001,
  "G": 1e-05,
  "\u039b0": 1e-06,
  "\u03b10": 0.5,
  "\u03b2": 0.2,
  "feedback_gain": 0.3,
  "mean_fidelity": 1.0,
  "mean_alpha_ratio": 1.199393068477938,
  "mean_lambda_ratio": 1.001163868244421,
  "classification": "\u2705 Self-stabilized (Active Quantum Feedback)",
  "timestamp": "2025-10-06T16:13Z"
}