{
  "\u0127": 0.001,
  "G": 1e-05,
  "\u039b0": 1e-06,
  "\u03b10": 0.5,
  "\u03b2": 0.2,
  "feedback_gain": 0.3,
  "cycles": 3,
  "fidelities": [
    0.7227925466666841,
    0.24687878302067282,
    0.047390840705891224
  ],
  "mean_fidelity": 0.33902072346441603,
  "energy_ratios": [
    0.8522998875665383,
    0.6998999385462523,
    0.556863000375458
  ],
  "phase_errors": [
    -0.8157947160800219,
    -1.4850121671536367,
    -1.4511122858608854
  ],
  "classification": "\u274c Lossy Loop",
  "timestamp": "2025-10-06T16:17Z"
}