{
  "\u0127": 0.001,
  "G": 1e-05,
  "\u039b": 1e-06,
  "\u03b1": 0.5,
  "\u03b2": 0.2,
  "T_eff": 1e+18,
  "S_eq": 1.00014999995,
  "mean_dSdt_tail": -0.010006278480676138,
  "classification": "Reversed",
  "files": {
    "entropy_plot": "PAEV_N16_EntropyFeedback.png",
    "flow_plot": "PAEV_N16_EntropyFlow.png"
  },
  "timestamp": "2025-10-06T16:59Z"
}