{
  "\u0127": 0.001,
  "G": 1e-05,
  "\u039b": 1e-06,
  "\u03b1": 0.5,
  "\u03b2": 0.2,
  "cycles": 24,
  "omega": 0.5,
  "gamma": 0.06,
  "phase_gain": 1.0,
  "fidelities": [
    0.999999965360649,
    0.9999998615555833,
    0.9999996887539172,
    0.9999994471242728,
    0.9999991368347844,
    0.9999987580531,
    0.9999983109463813,
    0.9999977956813074,
    0.9999972124240758,
    0.9999965613404038,
    0.9999958425955314,
    0.9999950563542213,
    0.9999942027807619,
    0.9999932820389684,
    0.9999922942921856,
    0.9999912397032882,
    0.9999901184346827,
    0.9999889306483101,
    0.9999876765056465,
    0.9999863561677054,
    0.9999849697950391,
    0.9999835175477404,
    0.9999819995854442,
    0.9999804160673296
  ],
  "half_life_cycles": null,
  "life_90_cycles": null,
  "final_fidelity": 0.9999804160673296,
  "classification": "\u2705 Long-lived",
  "files": {
    "fidelity_plot": "PAEV_N18_FidelityDecay.png",
    "curve_plot": "PAEV_N18_MemoryCurve.png"
  },
  "timestamp": "2025-10-06T17:08Z"
}