{
  "\u0127": 0.001,
  "G": 1e-05,
  "\u039b": 1e-06,
  "\u03b1": 0.5,
  "\u03ba": 0.31622776601683794,
  "T": 3.6453299936831903e+18,
  "E_threshold_eV": 121101742251165.38,
  "fidelity_threshold": 0.9,
  "timestamp": "2025-10-06T15:48Z"
}