{
  "timestamp": "2026-01-01T23:10Z",
  "run_id": "P10_220260101T231034Z_P10_2_CAPACITY",
  "git_rev": "fcd2a704821e46ca986ce82a70c2a7bd29f25642",
  "constants": {
    "\u0127": 0.001,
    "G": 1e-05,
    "\u039b": 1e-06,
    "\u03b1": 0.5,
    "\u03b2": 0.2,
    "\u03c7": 1.0
  },
  "params": {
    "fast_mode": true,
    "jobs": 1,
    "lattice_size": 4096,
    "window_len": 512,
    "dt": 0.01,
    "steps_total": 16384,
    "nblocks": 32,
    "warmup_blocks": 2,
    "seeds": [
      42
    ],
    "separations": [
      1024
    ],
    "K_list": [
      3,
      4,
      6,
      8
    ],
    "code": "ACG",
    "controller": {
      "controller_on": true,
      "linear_controller": true,
      "k_fb": 2.5,
      "k_obs": 1.0,
      "k_diff": 2.0,
      "chi_boost": 0.15
    },
    "messages": {
      "type": "PRN \u00b11 (pairwise low-corr search)",
      "target_abs_corr": 0.05,
      "max_tries": 256
    },
    "chip": {
      "type": "Walsh/Hadamard",
      "chip_spread": 64,
      "despread_box": 512,
      "chips_per_block": 8,
      "rows_rule": "rows = [0..K-1] (Hadamard order)",
      "note": "chips_per_block=8 => K MUST be <= 8 for orth rows in this block config."
    },
    "drive": {
      "drive_amp": 0.01,
      "alpha": 0.75,
      "meas_noise_sigma": 0.0002
    },
    "scoring": {
      "min_abs_main": 0.25,
      "max_abs_xtalk": 0.18,
      "min_pass_K_for_overall": 4
    },
    "repo_weights": {
      "path": "models/all-MiniLM-L6-v2/model.safetensors",
      "sha256": "sha256:1377e9af0ca0b016a9f2aa584d6fc71ab3ea6804fae21ef9fb1416e2944057ac"
    }
  },
  "by_K": {
    "3": {
      "per_sep": {
        "1024": {
          "per_seed": {
            "42": {
              "K": 3,
              "sep": 1024,
              "seed": 42,
              "message_seeds": [
                1634982638594651190,
                14706167171985257274,
                2189187468248947461
              ],
              "worst_abs_pair_corr_after_warmup": 0.03257082507395182,
              "rows": [
                0,
                1,
                2
              ],
              "condA": 3.3892634431085424,
              "main_rhos": [
                0.9860629042046657,
                0.973749136370276,
                0.9906828144332934
              ],
              "max_xtalks": [
                0.051441980352795465,
                0.04558997434736965,
                0.050222874320541094
              ],
              "main_rho_median": 0.9860629042046657,
              "main_rho_min": 0.973749136370276,
              "max_xtalk_max": 0.051441980352795465,
              "W_total": 65111748.21083515,
              "mix_A_T": [
                [
                  0.19464205090826794,
                  -0.014745564076978237,
                  -0.017936164591478475
                ],
                [
                  -0.007645285771872712,
                  0.059138550386321154,
                  0.003027217472663865
                ],
                [
                  0.008459720646825137,
                  0.006880955389863684,
                  0.12379645406849199
                ]
              ]
            }
          },
          "aggregate": {
            "main_rho_median_over_users_median_over_seeds": 0.9860629042046657,
            "main_rho_min_over_users_median_over_seeds": 0.973749136370276,
            "max_xtalk_max_median_over_seeds": 0.051441980352795465,
            "condA_median_over_seeds": 3.3892634431085424,
            "worst_abs_pair_corr_median_over_seeds": 0.03257082507395182
          }
        }
      },
      "aggregate": {
        "main_rho_median": 0.9860629042046657,
        "main_rho_min": 0.973749136370276,
        "max_xtalk_max": 0.051441980352795465,
        "condA_median": 3.3892634431085424,
        "worst_abs_pair_corr_median": 0.03257082507395182
      }
    },
    "4": {
      "per_sep": {
        "1024": {
          "per_seed": {
            "42": {
              "K": 4,
              "sep": 1024,
              "seed": 42,
              "message_seeds": [
                1634982638594651190,
                14706167171985257274,
                2189187468248947461,
                118712703634918666
              ],
              "worst_abs_pair_corr_after_warmup": 0.04528334128517262,
              "rows": [
                0,
                1,
                2,
                3
              ],
              "condA": 3.387100074059851,
              "main_rhos": [
                0.9828219386507617,
                0.9591782021811459,
                0.9980984005225431,
                0.9802272301233275
              ],
              "max_xtalks": [
                0.1162669813948273,
                0.04828876702431266,
                0.040538396679775136,
                0.07285903087041445
              ],
              "main_rho_median": 0.9815245843870446,
              "main_rho_min": 0.9591782021811459,
              "max_xtalk_max": 0.1162669813948273,
              "W_total": 77740648.98969927,
              "mix_A_T": [
                [
                  0.19523753749752557,
                  -0.013849727576511327,
                  -0.016516378647428304,
                  -0.013232083786763951
                ],
                [
                  -0.006957069548323918,
                  0.059295618397296704,
                  0.0032194402321503446,
                  0.002640060910337222
                ],
                [
                  0.010431639671466182,
                  0.008090927902676386,
                  0.12538883716559346,
                  -0.0642531434168987
                ],
                [
                  0.002713756344961918,
                  -0.004700175201404894,
                  0.0665732573390149,
                  0.11108143213950625
                ]
              ]
            }
          },
          "aggregate": {
            "main_rho_median_over_users_median_over_seeds": 0.9815245843870446,
            "main_rho_min_over_users_median_over_seeds": 0.9591782021811459,
            "max_xtalk_max_median_over_seeds": 0.1162669813948273,
            "condA_median_over_seeds": 3.387100074059851,
            "worst_abs_pair_corr_median_over_seeds": 0.04528334128517262
          }
        }
      },
      "aggregate": {
        "main_rho_median": 0.9815245843870446,
        "main_rho_min": 0.9591782021811459,
        "max_xtalk_max": 0.1162669813948273,
        "condA_median": 3.387100074059851,
        "worst_abs_pair_corr_median": 0.04528334128517262
      }
    },
    "6": {
      "per_sep": {
        "1024": {
          "per_seed": {
            "42": {
              "K": 6,
              "sep": 1024,
              "seed": 42,
              "message_seeds": [
                1634982638594651190,
                14706167171985257274,
                2189187468248947461,
                118712703634918666,
                3100980116044589829,
                5543941398328793446
              ],
              "worst_abs_pair_corr_after_warmup": 0.04977375565610858,
              "rows": [
                0,
                1,
                2,
                3,
                4,
                5
              ],
              "condA": 3.7605225221532144,
              "main_rhos": [
                0.973585521128411,
                0.9271972478622545,
                0.9978005350642559,
                0.9921012593273824,
                0.9974118031171674,
                0.9924534151338995
              ],
              "max_xtalks": [
                0.11684177390856394,
                0.047746466792553496,
                0.05295444773521706,
                0.05938290056875612,
                0.05325116333780516,
                0.008327146399914626
              ],
              "main_rho_median": 0.9922773372306409,
              "main_rho_min": 0.9271972478622545,
              "max_xtalk_max": 0.11684177390856394,