{
  "\u0127": 0.001,
  "G": 1e-05,
  "\u039b": 1e-06,
  "\u03b1": 0.5,
  "\u03b2": 0.2,
  "feedback_gain": 0.18,
  "meta_gain": 0.12,
  "awareness_gain": 0.12,
  "resonance_gain": 0.07,
  "damping": 0.065,
  "servo_gain": 0.038,
  "leak": 0.0075,
  "noise_scale": 0.004,
  "mean_phase_diff": 0.011844221135194854,
  "corr_meta_self": 0.9999946591450486,
  "std_phase": 0.0011017503648774823,
  "stability": 4.421549695036154e-06,
  "classification": "\u26a0\ufe0f Marginal attractor",
  "files": {
    "plot": "PAEV_P7d_SustainedAttractor.png"
  },
  "timestamp": "2025-10-06T19:19Z"
}