{
  "\u0127": 0.001,
  "G": 1e-05,
  "\u039b": 1e-06,
  "\u03b1": 0.5,
  "\u03b2": 0.2,
  "feedback_gain": 0.18,
  "meta_gain": 0.12,
  "awareness_gain": 0.12,
  "resonance_gain": 0.07,
  "damping": 0.06,
  "servo_gain": 0.04,
  "leak": 0.009,
  "noise_scale": 0.004,
  "mean_phase_diff": 0.011840288260704863,
  "corr_meta_self": 0.9999938179801225,
  "std_phase": 0.0010998688676964162,
  "stability": 4.413365046524447e-06,
  "classification": "\u26a0\ufe0f Marginal attractor",
  "files": {
    "plot": "PAEV_P7e_SustainedAttractor.png"
  },
  "timestamp": "2025-10-06T19:22Z"
}