{
  "\u0127": 0.001,
  "G": 1e-05,
  "\u039b": 1e-06,
  "\u03b1": 0.5,
  "\u03b2": 0.2,
  "feedback_gain": 0.18,
  "meta_gain": 0.12,
  "awareness_gain": 0.12,
  "resonance_gain": 0.07,
  "damping": 0.055,
  "servo_gain": 0.045,
  "leak": 0.0105,
  "restoring_bias": 0.0015,
  "noise_scale": 0.004,
  "mean_phase_diff": 0.01181794370783126,
  "corr_meta_self": 0.9999918736027053,
  "std_phase": 0.001087995564619599,
  "stability": 4.357249934171079e-06,
  "classification": "\u26a0\ufe0f Marginal attractor",
  "files": {
    "plot": "PAEV_P7f_SustainedAttractor.png"
  },
  "timestamp": "2025-10-06T19:24Z"
}