{
  "\u0127": 0.001,
  "G": 1e-05,
  "\u039b": 1e-06,
  "\u03b1": 0.5,
  "\u03b2": 0.2,
  "feedback_gain": 0.18,
  "meta_gain": 0.12,
  "awareness_gain": 0.12,
  "resonance_gain": 0.07,
  "damping": 0.05,
  "servo_gain": 0.055,
  "leak": 0.011,
  "restoring_bias": 0.0025,
  "noise_scale": 0.0038,
  "mean_phase_diff": 0.011756717017890711,
  "corr_meta_self": 0.9999884237027346,
  "std_phase": 0.0010538471724505028,
  "stability": 4.200329268358397e-06,
  "classification": "\u26a0\ufe0f Marginal attractor",
  "files": {
    "plot": "PAEV_P7g_SustainedAttractor.png"
  },
  "timestamp": "2025-10-06T19:26Z"
}