{
  "count": 3,
  "runs": [
    {
      "cfg": {
        "H": 64,
        "W": 64,
        "alpha": 0.18,
        "amp0": 1.0,
        "beta": 0.12,
        "clip": 5.0,
        "curl_target": 0.035,
        "dt": 0.05,
        "kappa_cap": 0.3,
        "lam": 0.06,
        "sigma0": 5.0,
        "steps": 160
      },
      "controller": "open_loop",
      "metrics": {
        "controller": "open_loop",
        "coupling_coeff": 0.1547242896575508,
        "coupling_score": -0.0952757103424492,
        "curl_rms0": 0.0,
        "curl_rmsT": 7.23778756139005e-06,
        "curv0": 0.002237463338701084,
        "curvT": 0.0006902204421255757,
        "delta_curvature": -0.0015472428965755082,
        "frame_steps": [
          0,
          2,
          4,
          6,
          8,
          10,
          12,
          14,
          16,
          18,
          20,
          22,
          24,
          26,
          28,
          30,
          32,
          34,
          36,
          38,
          40,
          42,
          44,
          46,
          48,
          50,
          52,
          54,
          56,
          58,
          60,
          62,
          64,
          66,
          68,
          70,
          72,
          74,
          76,
          78,
          80,
          82,
          84,
          86,
          88,
          90,
          92,
          94,
          96,
          98,
          100,
          102,
          104,
          106,
          108,
          110,
          112,
          114,
          116,
          118,
          120,
          122,
          124,
          126,
          128,
          130,
          132,
          134,
          136,
          138,
          140,
          142,
          144,
          146,
          148,
          150,
          152,
          154,
          156,
          158
        ],
        "max_norm": 8.832354642098885,
        "run_hash": "9dc5cd9",
        "seed": 1337,
        "test_id": "BG01"
      },
      "namespace": "programmable_bridge",
      "run_dir": "BRIDGE/artifacts/programmable_bridge/BG01/9dc5cd9",
      "run_hash": "9dc5cd9",
      "seed": 1337,
      "test_id": "BG01",
      "timestamp": null
    },
    {
      "cfg": {
        "H": 64,
        "W": 64,
        "alpha": 0.18,
        "amp0": 1.0,
        "beta": 0.12,
        "clip": 5.0,
        "curl_target": 0.035,
        "dt": 0.05,
        "kappa_cap": 0.3,
        "lam": 0.06,
        "sigma0": 5.0,
        "steps": 160
      },
      "controller": "random_jitter_kappa",
      "metrics": {
        "controller": "random_jitter_kappa",
        "coupling_coeff": 0.21812624739217618,
        "coupling_score": -0.16156784423836934,
        "curl_rms0": 0.0,
        "curl_rmsT": 0.0002643011964589172,
        "curv0": 0.002237463338701084,
        "curvT": 5.6200864779321913e-05,
        "delta_curvature": -0.002181262473921762,
        "frame_steps": [
          0,
          2,
          4,
          6,
          8,
          10,
          12,
          14,
          16,
          18,
          20,
          22,
          24,
          26,
          28,
          30,
          32,
          34,
          36,
          38,
          40,
          42,
          44,
          46,
          48,
          50,
          52,
          54,
          56,
          58,
          60,
          62,
          64,
          66,
          68,
          70,
          72,
          74,
          76,
          78,
          80,
          82,
          84,
          86,
          88,
          90,
          92,
          94,
          96,
          98,
          100,
          102,
          104,
          106,
          108,
          110,
          112,
          114,
          116,
          118,
          120,
          122,
          124,
          126,
          128,
          130,
          132,
          134,
          136,
          138,
          140,
          142,
          144,
          146,
          148,
          150,
          152,
          154,
          156,
          158
        ],
        "max_norm": 8.832351656455812,
        "run_hash": "de7f372",
        "seed": 1337,
        "test_id": "BG01"
      },
      "namespace": "programmable_bridge",
      "run_dir": "BRIDGE/artifacts/programmable_bridge/BG01/de7f372",
      "run_hash": "de7f372",
      "seed": 1337,
      "test_id": "BG01",
      "timestamp": null
    },
    {
      "cfg": {
        "H": 64,
        "W": 64,
        "alpha": 0.18,
        "amp0": 1.0,
        "beta": 0.12,
        "clip": 5.0,
        "curl_target": 0.035,
        "dt": 0.05,
        "kappa_cap": 0.3,
        "lam": 0.06,
        "sigma0": 5.0,
        "steps": 160
      },
      "controller": "tessaris_bg01_curl_drive",
      "metrics": {
        "controller": "tessaris_bg01_curl_drive",
        "coupling_coeff": 0.22328620835146867,
        "coupling_score": 0.14978363452081817,
        "curl_rms0": 0.0,
        "curl_rmsT": 1.1877661665130651e-05,
        "curv0": 0.002237463338701084,
        "curvT": 4.601255186397036e-06,
        "delta_curvature": -0.002232862083514687,
        "frame_steps": [
          0,
          2,
          4,
          6,
          8,
          10,
          12,
          14,
          16,
          18,
          20,
          22,
          24,
          26,
          28,
          30,
          32,
          34,
          36,
          38,
          40,
          42,
          44,
          46,
          48,
          50,
          52,
          54,
          56,
          58,
          60,
          62,
          64,
          66,
          68,
          70,
          72,
          74,
          76,
          78,
          80,
          82,
          84,
          86,
          88,
          90,
          92,
          94,
          96,
          98,
          100,
          102,
          104,
          106,
          108,
          110,
          112,
          114,
          116,
          118,
          120,
          122,
          124,
          126,
          128,
          130,
          132,
          134,
          136,
          138,
          140,
          142,
          144,
          146,
          148,
          150,
          152,
          154,
          156,
          158
        ],
        "max_norm": 8.832304108429703,
        "run_hash": "c6371a3",
        "seed": 1337,
        "test_id": "BG01"
      },
      "namespace": "programmable_bridge",
      "run_dir": "BRIDGE/artifacts/programmable_bridge/BG01/c6371a3",
      "run_hash": "c6371a3",
      "seed": 1337,
      "test_id": "BG01",
      "timestamp": null
    }
  ]
}