{
  "\u0127": 0.001,
  "\u039b": 1e-06,
  "\u03b1": 0.5,
  "grid": {
    "N": 192,
    "L": 6.0,
    "dx": 0.06282722513089034
  },
  "timing": {
    "steps": 1600,
    "dt": 0.006
  },
  "metrics": {
    "sigma_vac": 0.00015836778993089814,
    "V_tail": 9.286575934618545e-08,
    "DS_inseparable": true
  },
  "classification": "\u2705 CV entanglement (Duan-Simon) detected",
  "files": {
    "ds_plot": "PAEV_E2_DuanSimon_Timeseries.png",
    "maps": "PAEV_E2_FieldMaps.png"
  },
  "timestamp": "2026-01-06T22:36Z"
}