{
  "backfilled": true,
  "controller": "open_loop",
  "run_hash": "7975505",
  "seed": 1337,
  "summary": {
    "S": 3.289893150672332,
    "coherence": 0.021669118442337425,
    "eta": 0.98017181720759,
    "mse": 4.948677018302165e-06,
    "r_norm": 0.007683485393365202,
    "step": 59.0
  },
  "test_id": "PE01"
}
