{
  "timestamp": "2025-12-31T00:34Z",
  "constants": {
    "\u0127": 0.001,
    "G": 1e-05,
    "\u039b": 1e-06,
    "\u03b1": 0.5,
    "\u03b2": 0.2,
    "\u03c7": 1.0
  },
  "params": {
    "N": 256,
    "T": 2000,
    "dt": 0.01,
    "base_noise": 0.005,
    "var_kappa": [
      0.01,
      0.02,
      0.05,
      0.1,
      0.2
    ]
  },
  "results": {
    "Var_kappa": [
      0.01,
      0.02,
      0.05,
      0.1,
      0.2
    ],
    "transport_exponent": [
      0.399174330378267,
      0.45107488345104246,
      0.3551633223070226,
      0.385542359508818,
      0.37909407352750785
    ],
    "discovery_notes": [
      "\u26a0 Non-monotonic crossover in transport scaling - check local curvature variance thresholds."
    ]
  },
  "classification": "\u2705 Informational universality (diffusive-ballistic crossover detected)",
  "files": {
    "msd_plot": "PAEV_I1_MSD.png"
  }
}