{
  "timestamp": "2025-12-31T00:34Z",
  "constants": {
    "\u0127": 0.001,
    "G": 1e-05,
    "\u039b": 1e-06,
    "\u03b1": 0.5,
    "\u03b2": 0.2,
    "\u03c7": 1.0
  },
  "params": {
    "N": 256,
    "T": 4000,
    "dt": 0.01,
    "base_noise": 0.015,
    "var_kappa": [
      0.01,
      0.02,
      0.05,
      0.1,
      0.2
    ]
  },
  "results": {
    "Var_kappa": [
      0.01,
      0.02,
      0.05,
      0.1,
      0.2
    ],
    "mean_velocity": [
      13648.161896449807,
      11635.56806385034,
      10562.902612730351,
      6848.504407268421,
      3926.8214548281444
    ],
    "discovery_notes": [
      "\u26a0 Super-causal propagation detected - possible tunnelling or coherence breach."
    ]
  },
  "classification": "\u2705 Entropic velocity and causal information front characterized",
  "files": {
    "velocity_plot": "PAEV_I3_EntropyVelocity.png"
  }
}