{
  "timestamp": "2025-12-31T00:34Z",
  "constants": {
    "\u0127": 0.001,
    "G": 1e-05,
    "\u039b": 1e-06,
    "\u03b1": 0.5,
    "\u03b2": 0.2,
    "\u03c7": 1.0
  },
  "parameters": {
    "N": 256,
    "L": 10.0,
    "steps": 600,
    "dt": 0.002,
    "dx": 0.039215686274509665,
    "\u0127": 0.001,
    "\u039b": 1e-06,
    "\u03b1": 0.5,
    "\u03b2": 0.2,
    "\u03c7": 1.0
  },
  "msd_all": {
    "0.0": 0.0002042970041730767,
    "0.02": 0.010194616533447649,
    "0.05": 0.11868755341569141,
    "0.08": 0.0053537176093013394
  },
  "classification": "Ballistic-dominated regime",
  "slope_estimate": 40.79905483365699,
  "files": {
    "msd_plot": "PAEV_TestI_MSD.png"
  }
}