Parameter,Emergent,Physical,Deviation_%
alpha,7.230000e-03,7.297000e-03,-0.918
m,9.235198e-33,,-98.986
hbar,9.717299e-23,1.055000e-34,92107096128043.422
G,2.449448e-48,6.674300e-11,-100.000
