{
  "alpha_final": 0.5,
  "err_final": 1.0126459987739407,
  "test_id": "I01",
  "v_final": 1.9873540012260593,
  "v_target": 3.0
}