{
  "light": {
    "timestamp": 1761496614.6308038,
    "SQI": 0.54,
    "\u03c1": 0.87,
    "\u012a": 0.37,
    "keywords": [
      "wave",
      "energy"
    ]
  },
  "'hood": {
    "timestamp": 1761499728.5072637,
    "SQI": 0.52,
    "\u03c1": 0.86,
    "\u012a": 0.95,
    "E": 0.66873,
    "keywords": [
      "'hood"
    ]
  },
  "a bit": {
    "timestamp": 1761499728.6302657,
    "SQI": 0.56,
    "\u03c1": 0.88,
    "\u012a": 0.24,
    "E": 0.702,
    "keywords": [
      "a trifle",
      "a bit",
      "a little"
    ]
  },
  "a cappella": {
    "timestamp": 1761499728.6416142,
    "SQI": 0.52,
    "\u03c1": 0.86,
    "\u012a": 0.42,
    "E": 0.66873,
    "keywords": [
      "a cappella"
    ]
  },
  "a fortiori": {
    "timestamp": 1761499728.6532145,
    "SQI": 0.52,
    "\u03c1": 0.86,
    "\u012a": 0.91,
    "E": 0.66873,
    "keywords": [
      "a fortiori"
    ]
  },
  "a la mode": {
    "timestamp": 1761499728.6671963,
    "SQI": 0.52,
    "\u03c1": 0.86,
    "\u012a": 0.35,
    "E": 0.66873,
    "keywords": [
      "a la mode"
    ]
  },
  "a lot": {
    "timestamp": 1761499728.6818748,
    "SQI": 0.62,
    "\u03c1": 0.91,
    "\u012a": 0.61,
    "E": 0.75113,
    "keywords": [
      "a good deal",
      "a great deal",
      "a lot",
      "lots",
      "very much",
      "much"
    ]
  },
  "a posteriori": {
    "timestamp": 1761499728.69344,
    "SQI": 0.54,
    "\u03c1": 0.87,
    "\u012a": 0.23,
    "E": 0.68542,
    "keywords": [
      "a posteriori",
      "a priori"
    ]
  },
  "a priori": {
    "timestamp": 1761499728.7041817,
    "SQI": 0.54,
    "\u03c1": 0.87,
    "\u012a": 0.66,
    "E": 0.68542,
    "keywords": [
      "a posteriori",
      "a priori"
    ]
  },
  "A-line": {
    "timestamp": 1761499728.6060767,
    "SQI": 0.52,
    "\u03c1": 0.86,
    "\u012a": 0.19,
    "E": 0.66873,
    "keywords": [
      "A-line"
    ]
  },
  "A": {
    "timestamp": 1761499728.618527,
    "SQI": 0.54,
    "\u03c1": 0.87,
    "\u012a": 0.8,
    "E": 0.68542,
    "keywords": [
      "a",
      "A"
    ]
  },
  "aa": {
    "timestamp": 1761499728.7155106,
    "SQI": 0.52,
    "\u03c1": 0.86,
    "\u012a": 0.01,
    "E": 0.66873,
    "keywords": [
      "aa"
    ]
  },
  "Aachen": {
    "timestamp": 1761499728.7271125,
    "SQI": 0.56,
    "\u03c1": 0.88,
    "\u012a": 0.68,
    "E": 0.702,
    "keywords": [
      "Aken",
      "Aachen",
      "Aix-la-Chapelle"
    ]
  },
  "aardvark": {
    "timestamp": 1761499728.7389417,
    "SQI": 0.58,
    "\u03c1": 0.89,
    "\u012a": 0.48,
    "E": 0.71847,
    "keywords": [
      "aardvark",
      "Orycteropus afer",
      "ant bear",
      "anteater"
    ]
  },
  "aardwolf": {
    "timestamp": 1761499728.7505028,
    "SQI": 0.54,
    "\u03c1": 0.87,
    "\u012a": 0.85,
    "E": 0.68542,
    "keywords": [
      "aardwolf",
      "Proteles cristata"
    ]
  },
  "Aaron": {
    "timestamp": 1761499728.7640307,
    "SQI": 0.56,
    "\u03c1": 0.88,
    "\u012a": 0.45,
    "E": 0.702,
    "keywords": [
      "Hank Aaron",
      "Aaron",
      "Henry Louis Aaron"
    ]
  },
  "AB": {
    "timestamp": 1761499728.7773151,
    "SQI": 0.56,
    "\u03c1": 0.88,
    "\u012a": 0.86,
    "E": 0.702,
    "keywords": [
      "group AB",
      "type AB",
      "AB"
    ]
  },
  "abaca": {
    "timestamp": 1761499728.7904606,
    "SQI": 0.56,
    "\u03c1": 0.88,
    "\u012a": 0.12,
    "E": 0.702,
    "keywords": [
      "abaca",
      "Manila hemp",
      "Musa textilis"
    ]
  },
  "abacinate": {
    "timestamp": 1761499728.8016667,
    "SQI": 0.52,
    "\u03c1": 0.86,
    "\u012a": 0.1,
    "E": 0.66873,
    "keywords": [
      "abacinate"
    ]
  },
  "aback": {
    "timestamp": 1761499728.8141224,
    "SQI": 0.52,
    "\u03c1": 0.86,
    "\u012a": 0.99,
    "E": 0.66873,
    "keywords": [
      "aback"
    ]
  },
  "abactinal": {
    "timestamp": 1761499728.8260093,
    "SQI": 0.54,
    "\u03c1": 0.87,
    "\u012a": 0.7,
    "E": 0.68542,
    "keywords": [
      "actinal",
      "abactinal"
    ]
  },
  "abacus": {
    "timestamp": 1761499728.837612,
    "SQI": 0.52,
    "\u03c1": 0.86,
    "\u012a": 0.65,
    "E": 0.66873,
    "keywords": [
      "abacus"
    ]
  },
  "abalone": {
    "timestamp": 1761499728.8520665,
    "SQI": 0.54,
    "\u03c1": 0.87,
    "\u012a": 0.23,
    "E": 0.68542,
    "keywords": [
      "abalone",
      "ear-shell"
    ]
  },
  "abampere": {
    "timestamp": 1761499728.8676429,
    "SQI": 0.54,
    "\u03c1": 0.87,
    "\u012a": 0.26,
    "E": 0.68542,
    "keywords": [
      "abamp",
      "abampere"
    ]
  },
  "abandon": {
    "timestamp": 1761499728.8792057,
    "SQI": 0.56,
    "\u03c1": 0.88,
    "\u012a": 0.14,
    "E": 0.702,
    "keywords": [
      "unconstraint",
      "wantonness",
      "abandon"
    ]
  },
  "abandoned": {
    "timestamp": 1761499728.8908916,
    "SQI": 0.52,
    "\u03c1": 0.86,
    "\u012a": 0.45,
    "E": 0.66873,
    "keywords": [
      "abandoned"
    ]
  },
  "abandonment": {
    "timestamp": 1761499728.9021232,
    "SQI": 0.56,
    "\u03c1": 0.88,
    "\u012a": 0.72,
    "E": 0.702,
    "keywords": [
      "abandonment",
      "desertion",
      "forsaking"
    ]
  },
  "abarticulation": {
    "timestamp": 1761499728.9148006,
    "SQI": 0.52,
    "\u03c1": 0.86,
    "\u012a": 0.85,
    "E": 0.66873,
    "keywords": [
      "abarticulation"
    ]
  },
  "abasement": {
    "timestamp": 1761499728.9284768,
    "SQI": 0.56,
    "\u03c1": 0.88,
    "\u012a": 0.69,
    "E": 0.702,
    "keywords": [
      "abjection",
      "degradation",
      "abasement"
    ]
  },
  "abashed": {
    "timestamp": 1761499728.9413385,
    "SQI": 0.56,
    "\u03c1": 0.88,
    "\u012a": 0.02,
    "E": 0.702,
    "keywords": [
      "embarrassed",
      "abashed",
      "chagrined"
    ]
  },
  "abashment": {
    "timestamp": 1761499728.955534,
    "SQI": 0.54,
    "\u03c1": 0.87,
    "\u012a": 0.95,
    "E": 0.68542,
    "keywords": [
      "abashment",
      "bashfulness"
    ]
  },
  "abasia": {
    "timestamp": 1761499728.9677074,
    "SQI": 0.52,
    "\u03c1": 0.86,
    "\u012a": 0.75,
    "E": 0.66873,
    "keywords": [
      "abasia"
    ]
  },
  "abatable": {
    "timestamp": 1761499728.981501,
    "SQI": 0.52,
    "\u03c1": 0.86,
    "\u012a": 0.07,
    "E": 0.66873,
    "keywords": [
      "abatable"
    ]
  },
  "abate": {
    "timestamp": 1761499728.9951894,
    "SQI": 0.6,
    "\u03c1": 0.9,
    "\u012a": 0.61,
    "E": 0.73485,
    "keywords": [
      "slack",
      "abate",
      "slack off",
      "let up",
      "die away"
    ]
  },
  "abatement": {
    "timestamp": 1761499729.0074556,
    "SQI": 0.52,
    "\u03c1": 0.86,
    "\u012a": 0.32,
    "E": 0.66873,
    "keywords": [
      "abatement"
    ]
  },
  "abator": {
    "timestamp": 1761499729.0185726,
    "SQI": 0.52,
    "\u03c1": 0.86,
    "\u012a": 0.73,
    "E": 0.66873,
    "keywords": [
      "abator"
    ]
  },
  "abattis": {
    "timestamp": 1761499729.0297728,
    "SQI": 0.54,
    "\u03c1": 0.87,
    "\u012a": 0.01,
    "E": 0.68542,
    "keywords": [
      "abattis",
      "abatis"
    ]
  },
  "abattoir": {
    "timestamp": 1761499729.0409825,
    "SQI": 0.58,
    "\u03c1": 0.89,
    "\u012a": 0.85,
    "E": 0.71847,
    "keywords": [
      "butchery",
      "abattoir",
      "slaughterhouse",
      "shambles"
    ]
  },
  "abaxial": {
    "timestamp": 1761499729.052708,
    "SQI": 0.56,
    "\u03c1": 0.88,
    "\u012a": 0.85,
    "E": 0.702,
    "keywords": [
      "abaxial",
      "adaxial",
      "dorsal"
    ]
  },
  "abbacy": {
    "timestamp": 1761499729.0643296,
    "SQI": 0.52,
    "\u03c1": 0.86,
    "\u012a": 0.0,
    "E": 0.66873,
    "keywords": [
      "abbacy"
    ]
  },
  "abbatial": {
    "timestamp": 1761499729.075652,
    "SQI": 0.52,
    "\u03c1": 0.86,
    "\u012a": 0.35,
    "E": 0.66873,
    "keywords": [
      "abbatial"
    ]
  },
  "abbe": {
    "timestamp": 1761499729.0893323,
    "SQI": 0.52,
    "\u03c1": 0.86,
    "\u012a": 0.52,
    "E": 0.66873,