{
  "grid_scales": [
    {
      "N": 256,
      "dt": 0.01
    },
    {
      "N": 512,
      "dt": 0.005
    },
    {
      "N": 1024,
      "dt": 0.0025
    }
  ],
  "noise_amp": 0.03,
  "constants": {
    "\u0127": 0.001,
    "G": 1e-05,
    "\u039b": 1e-06,
    "\u03b1": 0.5,
    "\u03b2": 0.2
  },
  "metrics": {
    "E_mean": [
      0.0002592984956388874,
      0.0002597805196830888,
      0.00026130520746880996
    ],
    "Phi_std": [
      0.7143618536149843,
      0.71378782590603,
      0.7144313215315833
    ],
    "TH": [
      0.0,
      0.0,
      0.0
    ]
  },
  "CVs": {
    "E_mean": 0.0032880131144492823,
    "Phi_std": 0.0004037713567943947,
    "TH": NaN
  },
  "classification": "\u26a0\ufe0f Marginal universality",
  "timestamp": "2026-01-06T20:30Z"
}