{
  "boundaries": [
    "periodic",
    "absorbing",
    "sponge"
  ],
  "geometries": [
    "circular",
    "elliptical"
  ],
  "noise_amp": 0.01,
  "constants": {
    "\u0127": 0.001,
    "G": 1e-05,
    "\u039b": 1e-06,
    "\u03b1": 0.5,
    "\u03b2": 0.2
  },
  "metrics": {
    "Phi_mean": [
      2.7755575615628914e-17,
      2.7755575615628914e-17,
      1.3877787807814457e-17,
      2.7755575615628914e-17,
      1.3877787807814457e-17,
      0.0
    ],
    "curvature_exp": [
      -0.22782620019166544,
      -0.30591638329337123,
      -0.15326477901776947,
      -0.18602204674145387,
      -0.37642052324429104,
      -0.6017350065660738
    ]
  },
  "CVs": {
    "Phi_mean": 0.5590169943749475,
    "curvature_exp": 0.48835568189883216
  },
  "classification": "\u274c Geometry dependent",
  "timestamp": "2026-01-06T20:30Z"
}