{
  "N": 512,
  "T": 2000,
  "noise_levels": [
    0.005,
    0.01,
    0.02,
    0.03
  ],
  "greybody_temp": [
    0.8,
    1.0,
    1.2
  ],
  "constants": {
    "\u0127": 0.001,
    "G": 1e-05,
    "\u039b": 1e-06,
    "\u03b1": 0.5,
    "\u03b2": 0.2
  },
  "metrics": {
    "E_drift": [
      -0.6926131445799284,
      -0.6926129259365083,
      -0.69261276470236,
      -0.6926585834109856,
      -0.69265814497832,
      -0.692657821661929,
      -0.6927492163029098,
      -0.6927483348564192,
      -0.6927476848322668,
      -0.6928395226802585,
      -0.6928381936384488,
      -0.6928372135147313
    ],
    "curv_std": [
      0.015988392223521174,
      0.020003521370412242,
      0.02401584083055736,
      0.015988641684871133,
      0.020003785007821892,
      0.024016116870638784,
      0.015989141337924045,
      0.02000431326229202,
      0.0240166701961799,
      0.01598964196470486,
      0.020004842822876977,
      0.024017225182129703
    ],
    "spectral_lock": [
      0.9051378550558481,
      0.9079583055335888,
      0.9096792773667612,
      0.9051357651742661,
      0.9079565067568529,
      0.9096777081537158,
      0.9051315433705512,
      0.9079528639230784,
      0.9096745216486901,
      0.9051272655220075,
      0.9079491607239354,
      0.9096712710461241
    ]
  },
  "CVs": {
    "E_drift": 0.0001249467779327337,
    "curv_std": 0.16383481480408102,
    "spectral_lock": 0.0020631954285886566
  },
  "classification": "\u26a0\ufe0f Marginal stability",
  "timestamp": "2026-01-06T20:30Z"
}