{
  "timestamp": "2025-10-19T19:53:30.062191+00:00",
  "\u03a6": 0.015,
  "\u03b5": 0.001,
  "\u03ba": 0.2717440227848853,
  "SQI": 1.0,
  "shape": [
    4,
    4,
    4,
    4
  ]
}