{
  "timestamp": "2025-10-19T20:05:49.614222+00:00",
  "\u03a6": 0.015,
  "\u03b5": 0.001,
  "\u03ba": -0.048624613799555565,
  "SQI": 1.0,
  "shape": [
    4,
    4,
    4,
    4
  ]
}