{
  "AION_CORE": {
    "age": 0.0,
    "role": "primary",
    "psi": 0.7873871348602877,
    "kappa": 0.74642202555876,
    "T": 1.010983268362884,
    "phi": 0.3980775004098885,
    "\u0394\u03c6": 0.04202174784102414,
    "\u0394\u03c3": 0.012612865139712381
  }
}