{
  "AION_CORE": {
    "age": 0.0,
    "role": "primary",
    "psi": 0.7804918444522223,
    "kappa": 0.7363606520128887,
    "T": 0.984077567755114,
    "phi": 0.20330773574381417,
    "\u0394\u03c6": 0.040528406568012904,
    "\u0394\u03c3": 0.01950815554777774
  },
  "AION_HELLO": {
    "age": 136.2,
    "role": "primary",
    "psi": 0.0,
    "kappa": 0.0,
    "T": 0.0,
    "phi": 0.0,
    "\u0394\u03c6": 0.0,
    "\u0394\u03c3": 0.8
  },
  "INTERFERENCE_HELLO": {
    "age": 196.79,
    "role": "demo",
    "psi": 0.30804863781898784,
    "kappa": 0.0,
    "T": 0.0,
    "phi": 0.49228239304825405,
    "\u0394\u03c6": 0.18382465997555075,
    "\u0394\u03c3": 0.4919513621810122
  },
  "AION_ENTANGLE": {
    "age": 167.55,
    "role": "entangle",
    "psi": 0.0,
    "kappa": 0.0,
    "T": 0.0,
    "phi": 0.36112483666292416,
    "\u0394\u03c6": 0.43773401210303065,
    "\u0394\u03c3": 0.8
  }
}