{
  "alpha_final": 0.7220072307853621,
  "alpha_initial": 0.55,
  "err_final": 0.17612507568970232,
  "test_id": "I02",
  "v_final": 0.6761202798277023,
  "v_target": 0.49999520413799997
}