{
  "epsilon": 0.5215599999999999,
  "k": 10,
  "memory_weight": 1.06398404296875
}