{
  "epsilon": 0.5190125,
  "k": 10,
  "memory_weight": 1.0508484374999996
}