# pi_spatial,V
1.000000,0.996832
2.000000,0.999323
4.000000,0.999540
8.000000,0.999678
16.000000,0.999735
