mode,mu,V_wave,V_proj
decoupled,0.000,0.999935,1.000000
decoupled,0.050,1.000000,0.859292
decoupled,0.100,0.999955,0.951453
decoupled,0.200,1.000000,0.844730
resonant,0.000,0.999866,1.000000
resonant,0.050,0.999930,0.977020
resonant,0.100,0.999995,0.934205
resonant,0.200,0.999957,0.981943
entangled,0.000,0.999866,1.000000
entangled,0.050,0.999989,0.978804
entangled,0.100,1.000000,0.946041
entangled,0.200,0.999997,0.928846
