mode,center,spread
decoupled,2597.408671,187.454685
resonant,2597.408671,187.454685
entangled,2597.408671,187.454685
