{
  "window_size": 5,
  "transitions": {
    "demo\u2192\u03c8": 11.922285286285284
  },
  "counts": {
    "demo\u2192\u03c8": 1
  },
  "confidence": 0.5215189873417722,
  "timestamp": "2025-10-23 10:42:22"
}