{
  "\u0127": 0.001,
  "G": 1e-05,
  "\u039b0": 1e-06,
  "\u03b10": 0.5,
  "\u03b2": 0.2,
  "fidelity": -0.5869203321990195,
  "energy_ratio": 45760.684890089826,
  "classification": "Degraded",
  "timestamp": "2025-12-30T22:40Z"
}