{
  "\u0127": 0.001,
  "G": 1e-05,
  "\u039b0": 1e-06,
  "\u03b10": 0.5,
  "\u03b2": 0.2,
  "feedback_gain": 0.3,
  "cycles": 3,
  "fidelities": [
    0.7224454515188853,
    0.24697701559307236,
    0.04558251827344665
  ],
  "mean_fidelity": 0.33833499512846815,
  "energy_ratios": [
    0.8522375009955419,
    0.7003852702304947,
    0.555725276941847
  ],
  "phase_errors": [
    -0.8159114437775027,
    -1.4863767945991853,
    -1.4699904023823103
  ],
  "classification": "\u274c Lossy Loop",
  "timestamp": "2025-12-30T22:40Z"
}