{
  "\u0127": 0.001,
  "G": 1e-05,
  "\u039b0": 1e-06,
  "\u03b10": 0.5,
  "\u03b2": 0.2,
  "T_eff": 3.645e+18,
  "\u0394E_J": 1.93842e-05,
  "rephase_gain": 0.35,
  "cycles": 4,
  "fidelities": [
    0.8162583251913929,
    0.8162583251913933,
    0.8162583251913932,
    0.8162583251913934
  ],
  "phase_errors": [
    -0.6113357958310064,
    -0.6113357958310062,
    -0.6113357958310063,
    -0.6113357958310062
  ],
  "mean_fidelity": 0.8162583251913932,
  "mean_phase_error": -0.6113357958310062,
  "classification": "\u26a0\ufe0f Partially stabilized",
  "timestamp": "2025-12-30T22:40Z"
}