{
  "\u0127": 0.001,
  "G": 1e-05,
  "\u039b": 1e-06,
  "\u03b1": 0.5,
  "sigmas": [
    1e-05,
    1.584893192461114e-05,
    2.5118864315095822e-05,
    3.9810717055349695e-05,
    6.309573444801929e-05,
    0.0001,
    0.00015848931924611142,
    0.0002511886431509582,
    0.00039810717055349735,
    0.000630957344480193,
    0.001,
    0.001584893192461114,
    0.002511886431509582,
    0.003981071705534973,
    0.006309573444801936,
    0.01,
    0.01584893192461114,
    0.025118864315095822,
    0.039810717055349734,
    0.06309573444801936,
    0.1
  ],
  "fidelities": [
    0.9999999529185996,
    0.9999999961486661,
    0.9999999842711881,
    0.9999999681982925,
    0.9999998725555616,
    0.9999998455999142,
    0.999999640390924,
    0.9999990746529865,
    0.9999976916968334,
    0.9999941890657512,
    0.9999860693988828,
    0.9999635606806379,
    0.9999121274318225,
    0.9997757012829948,
    0.9994404898138585,
    0.9987263252618395,
    0.9962567936524547,
    0.9909331193691421,
    0.9783358241006799,
    0.9487593701737453,
    0.8780697161296276
  ],
  "fidelity_threshold": 0.9,
  "sigma_at_90pct": 0.06309573444801936
}