{
  "\u0127": 0.001,
  "G": 1e-05,
  "\u039b": 1e-06,
  "\u03b1": 0.5,
  "sigmas": [
    1e-05,
    1.623776739188721e-05,
    2.6366508987303556e-05,
    4.281332398719396e-05,
    6.951927961775606e-05,
    0.00011288378916846884,
    0.00018329807108324357,
    0.00029763514416313193,
    0.0004832930238571752,
    0.0007847599703514606,
    0.0012742749857031334,
    0.00206913808111479,
    0.003359818286283781,
    0.005455594781168515,
    0.008858667904100823,
    0.01438449888287663,
    0.023357214690901212,
    0.03792690190732246,
    0.06158482110660261,
    0.1
  ],
  "fidelities": [
    0.9999717905208462,
    0.9999541941039878,
    0.9999256214518051,
    0.9998792258446917,
    0.9998038897408178,
    0.9996815607438136,
    0.9994829258328252,
    0.999160387379648,
    0.9986366582043485,
    0.9977862443568636,
    0.9964053852729514,
    0.9941632774805517,
    0.9905230191076396,
    0.9846138675681062,
    0.9750264921300176,
    0.9594919371525104,
    0.9344088474147277,
    0.894278962366114,
    0.8316104931241965,
    0.7397500610934767
  ],
  "classical_capacity": [
    16.609510640466674,
    15.910221773321332,
    15.2109172320257,
    14.51160869478065,
    13.812306882680621,
    13.113024127600362,
    12.413777325321238,
    11.714591979612143,
    11.01550830168959,
    10.316590814590924,
    9.617943732256355,
    8.919735715329798,
    8.22223971739673,
    7.525896898151728,
    6.831418429031166,
    6.139945733049219,
    5.453297706345634,
    4.7743394670762,
    4.107501003788345,
    3.4594316055218877
  ],
  "quantum_capacity": [
    -8.139764756941363e-05,
    -0.0001321739324784595,
    -0.00021462708930578329,
    -0.00034852264408442315,
    -0.0005659655956958443,
    -0.0009191141845631747,
    -0.0014927326601108966,
    -0.002424646261129894,
    -0.0039391457411717045,
    -0.006401730925047,
    -0.010409328201449968,
    -0.016940290544348913,
    -0.02760725452194812,
    -0.04509240576983065,
    -0.07392012039363675,
    -0.12188854856814575,
    -0.20287460870786206,
    -0.3427113606013708,
    -0.592438436248126,
    -1.0603969120141556
  ],
  "sigma_at_90pct": 0.03792690190732246,
  "timestamp": "2025-12-30T22:40Z"
}