{
  "timestamp": "2025-12-30T21:34Z",
  "constants": {
    "\u0127": 0.001,
    "G": 1e-05,
    "\u039b": 1e-06,
    "\u03b1": 0.5,
    "\u03b2": 0.2,
    "\u03c7": 1.0
  },
  "params": {
    "N": 512,
    "steps": 4000,
    "dt": 0.001,
    "dx": 1.0,
    "damping": 0.035,
    "clip_value": 6.0,
    "R_gain": 8e-06,
    "ema_alpha": 0.06,
    "rho_sigma": 1.8,
    "metric_clip": 0.6,
    "well_amp": 2.0,
    "well_sigma": 12.0,
    "diffusion_strength": 0.005,
    "boost_fracs": [
      0.0,
      0.1,
      0.2,
      0.3,
      0.4
    ]
  },
  "derived": {
    "c_eff": 0.7071064276334221,
    "freq_shifts": [
      2.1632520193447884e-06,
      1.6935387273832482e-05,
      -2.2694288662595675e-05,
      3.351181438793023e-05,
      3.176993742043194e-05
    ],
    "R_vals": [
      -1.8790614592624173e-11,
      -1.3416769107517936e-11,
      -1.5413710483925155e-11,
      -3.4651053606664404e-12,
      -3.566009128208819e-11
    ]
  },
  "files": {
    "plot": "PAEV_M6_invariance_redshift.png"
  },
  "notes": [
    "Lorentz invariance test across boosts with diffusion noise.",
    "\u0394\u03c9/\u03c9 (redshift analogue) measured per boost fraction.",
    "Metric curvature R_eff(EMA) compared for stability.",
    "Verified under Tessaris Unified Constants & Verification Protocol."
  ]
}