{
  "backfilled": true,
  "controller": "open_loop",
  "run_hash": "a274747",
  "seed": 1337,
  "summary": {
    "S": 3.2908512678288413,
    "coherence": 0.12633329507582583,
    "eta": 0.9999405446778394,
    "mse": 1.5155786390430606e-05,
    "r_norm": 0.12298952478071412,
    "step": 59.0
  },
  "test_id": "PE01"
}
