{
  "timestamp": 1761417232.443197,
  "\u03c1_stable": 0.584767,
  "\u012a_stable": 0.767081,
  "SQI_stable": 0.534599,
  "alpha_used": 0.525,
  "harmonic_gain": 1.1,
  "confidence": 0.95,
  "schema": "FieldPreStabilizer.v1"
}