{
  "timestamp": 1761416672.6501691,
  "schema": "ReasonField.v1",
  "bias": {
    "depth": 1.068,
    "exploration": 0.09
  },
  "tone": 0.112,
  "meta": {
    "mean_SQI": 0.3762786885245902,
    "coherence": 1.0,
    "lexical_count": 61
  }
}