{
    "timestamp": "2025-10-10 09:58:37",
    "search": {
        "best_gain": 0.9500000000000001,
        "best_harmonic": 1
    },
    "locked_phases": {
        "alpha": 0.0032707430007292825,
        "hbar": 0.008718077889283487,
        "m_e": 0.00026827759294328717,
        "G": 0.0024469679412412438
    },
    "locked_deltas": {
        "alpha": -0.0014844572097711273,
        "hbar": 0.001068090823888618,
        "m_e": -0.0007693850169667452,
        "G": 0.0011685205119107457
    },
    "mean_phase": 0.003676016606049325,
    "mean_delta": -4.307722734627189e-06,
    "RCI": 76.27262978877216,
    "TSI_inherit": 56.60607226796212,
    "Unified_Stability_Index": 66.43935102836714
}