{
    "timestamp": "2025-10-10 10:00:48",
    "search": {
        "best_gain": 0.8,
        "best_harmonic": 1.25
    },
    "refined_phases": {
        "alpha": 2.0027524733383626e-19,
        "hbar": 5.338283090914167e-19,
        "m_e": 1.642726477404766e-20,
        "G": 1.498335728428639e-19
    },
    "refined_deltas": {
        "alpha": -9.08967885208711e-20,
        "hbar": 6.540170043369276e-20,
        "m_e": -4.7111244917012826e-20,
        "G": 7.155124523247607e-20
    },
    "RCI_fine": 100.0,
    "TSI_prev": 56.60607226796212,
    "UCI": 78.30303613398107
}