{
  "phases": {
    "alpha": 0.008455606034174813,
    "hbar": 0.014009646280064195,
    "m_e": 0.0031783034497343352,
    "G": 0.02352949095311981
  },
  "deltas": {
    "alpha": -0.0038376556450984735,
    "hbar": 0.001716384600790908,
    "m_e": -0.009114958229538951,
    "G": 0.011236229273846522
  },
  "FCI": 0.11989789746747566
}