{
    "timestamp": "2025-10-10 09:46:41",
    "corrected_phases": {
        "alpha": 0.008454882659791394,
        "hbar": 0.014009646280064195,
        "m_e": 0.0031783034497343352,
        "G": 0.023529490760061805
    },
    "corrected_deltas": {
        "alpha": -0.0038373273348892667,
        "hbar": 0.001716384600790908,
        "m_e": -0.009114958229538951,
        "G": 0.011236229181653963
    },
    "mean_FCI": 0.7533365232779645,
    "std_FCI": 0.753336523233277,
    "TSI": 56.60607226796212
}