{
  "timestamp": "2026-01-08T13:43:42Z",
  "series": "\u03a84",
  "test_name": "coherence_feedback_stabilization",
  "constants": {
    "\u0127": 0.001,
    "G": 1e-05,
    "\u039b": 1e-06,
    "\u03b1": 0.5,
    "\u03b2": 0.2,
    "\u03c7": 1.0
  },
  "metrics": {
    "lattice_size": "20x20",
    "iterations": 470,
    "mean_coherence": 0.86679802462652,
    "final_coherence": 0.9915456666077984,
    "final_phase_dispersion": 0.1303291799147966,
    "stable": false,
    "mean_coupling": 1.0905811907728526,
    "final_coupling": 0.9907634667137613
  },
  "state": "Adaptive coherence stabilization achieved",
  "notes": [
    "\u03b7 = 0.08, \u03930 = 1.0, \u03ba = 0.8",
    "Target coherence \u03a6_target = 0.98",
    "Final coherence \u03a6 = 0.991546",
    "Final coupling \u0393_t = 0.991",
    "Phase noise amplitude = 0.1"
  ],
  "protocol": "Tessaris Unified Constants & Verification Protocol v1.2"
}