{
  "alpha_final": 1.0516323593946637,
  "alpha_initial": 1.2,
  "controller": "unknown",
  "err_final": 0.17020375092872592,
  "run_hash": "124df97",
  "seed": 1337,
  "test_id": "I02",
  "v_final": 0.6701989550667259,
  "v_target": 0.49999520413799997
}
