{
  "alpha_final": 1.0516323593946637,
  "alpha_initial": 1.2,
  "err_final": 0.17020375092872592,
  "test_id": "I02",
  "v_final": 0.6701989550667259,
  "v_target": 0.49999520413799997
}