{
  "fields": {
    "gravity": 1.5489778615817649,
    "magnetism": 2.400210671402945,
    "wave_frequency": 0.6400000000000001,
    "field_pressure": 1.0
  },
  "glyphs": [],
  "timestamp": "2025-08-01T00:42:10.944157",
  "stage": "controlled_exhaust",
  "particles": 2806,
  "score": 0.0,
  "sqi_enabled": true
}