{
  "fields": {
    "gravity": 0.409514394791923,
    "magnetism": 1.0,
    "wave_frequency": 0.5599999999999999,
    "field_pressure": 1.0
  },
  "glyphs": [],
  "timestamp": "2025-08-01T00:37:46.976635",
  "stage": "controlled_exhaust",
  "particles": 2863,
  "score": 0.0,
  "sqi_enabled": false
}