{
  "fields": {
    "gravity": 2.1674264563914516,
    "magnetism": 2.279064312420926,
    "wave_frequency": 1.2,
    "field_pressure": 1.0
  },
  "glyphs": [],
  "timestamp": "2025-08-01T00:59:39.418130",
  "stage": "wave_focus",
  "particles": 3555,
  "score": 0.0,
  "sqi_enabled": true
}