{
  "fields": {
    "gravity": 1.2146902146911998,
    "magnetism": 3.7472395918871038,
    "wave_frequency": 1.2,
    "field_pressure": 1.0
  },
  "glyphs": [],
  "timestamp": "2025-08-01T00:42:09.880369",
  "stage": "wave_focus",
  "particles": 2126,
  "score": 0.0,
  "sqi_enabled": true
}