{
  "fields": {
    "gravity": 1.2071219816108816,
    "magnetism": 7.9240045658447285,
    "wave_frequency": 1.2,
    "field_pressure": 1.0
  },
  "glyphs": [],
  "timestamp": "2025-08-01T00:42:10.289961",
  "stage": "wave_focus",
  "particles": 2410,
  "score": 0.0,
  "sqi_enabled": true
}