{
  "controller": "open_loop",
  "max_norm": 3.2606922417497253,
  "peak_final": 0.03924814143472919,
  "peak_initial": 0.998655932946888,
  "peak_retention": 0.039300964566319,
  "run_hash": "f39599b",
  "seed": 1337,
  "test_id": "MT01",
  "width_drift_pct": 1631.541106830473,
  "width_final": 74.46957334893628,
  "width_initial": 4.300768434266859
}
