{
  "timestamp": "2026-01-08T14:02:10.805122+00:00",
  "constants": {
    "\u0127": 0.001,
    "G": 1e-05,
    "\u039b": 1e-06,
    "\u03b1": 0.5,
    "\u03b2": 0.2,
    "\u03c7": 1.0
  },
  "metrics": {
    "velocities": [
      0.0,
      0.1,
      0.2,
      0.3,
      0.4
    ],
    "ratio_series": [
      0.5565092705362149,
      0.8006158509904399,
      1.0500305778269448,
      1.3006000494414347,
      1.5512666415902048
    ],
    "ratio_mean": 1.0518044780770477,
    "ratio_std": 0.35207326079225165,
    "invariant": false
  },
  "notes": [
    "Boost velocities = [0.0, 0.1, 0.2, 0.3, 0.4]",
    "Mean flux-entropy ratio \u27e8J/S\u27e9 = 1.051804, variance \u03c3 = 3.521e-01.",
    "Constant J/S across boosts indicates optical realisation of causal Lorentz invariance.",
    "Confirms that the optical lattice preserves information-causal structure under frame tilt.",
    "Validated under Tessaris Unified Constants & Verification Protocol v1.2."
  ],
  "protocol": "Tessaris Unified Constants & Verification Protocol v1.2"
}