{
  "backfilled": true,
  "controller": "open_loop",
  "run_hash": "fc5bfc6",
  "seed": 1337,
  "summary": {
    "S": 3.2898108382342435,
    "coherence": 0.021668080208261456,
    "eta": 4.324850214263324e-08,
    "mse": 5.8582369306236195e-06,
    "r_norm": 0.007683358891259642,
    "step": 59.0
  },
  "test_id": "PE01"
}
