{
  "alpha_final": 0.2715008958882929,
  "err_final": 0.2279146147301252,
  "test_id": "I01",
  "v_final": 3.227914614730125,
  "v_target": 3.0
}