{
  "timestamp": "2025-12-30T20:24Z",
  "constants": {
    "\u0127": 0.001,
    "G": 1e-05,
    "\u039b": 1e-06,
    "\u03b1": 0.5,
    "\u03b2": 0.2,
    "\u03c7": 1.0
  },
  "params": {
    "N": 512,
    "steps": 2400,
    "dt": 0.002,
    "dx": 1.0,
    "snap_every": 8,
    "damping": 0.05,
    "barrier": {
      "center": -20.0,
      "width": 8.0,
      "height": 6e-06
    },
    "boost_fracs": [
      0.0,
      0.1,
      0.2,
      0.3,
      0.4
    ]
  },
  "derived": {
    "c_eff": 0.7071064276334221,
    "R": [
      1.0,
      1.0,
      1.0,
      1.0,
      1.0
    ],
    "T": [
      3.3502464832699007e-100,
      1.1009344643746719e-100,
      4.9340359419130183e-104,
      5.519033960519675e-106,
      8.611718770800208e-111
    ],
    "R_std": 0.0,
    "T_std": 1.301746342676347e-100,
    "closure_max_error": 0.0,
    "max_empirical_speed": 0.3125745751134253
  },
  "files": {
    "plot": "PAEV_L3_boosted_soliton_scattering.png"
  },
  "notes": [
    "Barrier modeled via \u039b(x)=\u039b+\u0394\u039b*exp(-(x-x0)^2/2\u03c3^2).",
    "Boost snapshots use x' = \u03b3(x - vt).",
    "Invariance targets: small std(R,T), R+T\u22481, |v_emp| <= c_eff.",
    "Model-level test; no physical signaling implied."
  ]
}