{
  "backfilled": true,
  "controller": "open_loop",
  "run_hash": "2688740",
  "seed": 1337,
  "summary": {
    "S": 3.289893086329834,
    "coherence": 0.021669118442337425,
    "eta": 9.474311248817039e-08,
    "mse": 4.317078982623217e-06,
    "r_norm": 0.0076834853937115845,
    "step": 59.0
  },
  "test_id": "PE01"
}
