{
  "alpha_final": 0.55,
  "alpha_initial": 0.55,
  "err_final": 0.17493962956219006,
  "test_id": "I02",
  "v_final": 0.67493483370019,
  "v_target": 0.49999520413799997
}