{
  "alpha_final": 1.2,
  "alpha_initial": 1.2,
  "controller": "unknown",
  "err_final": 0.12928754258630565,
  "run_hash": "a4e4e7b",
  "seed": 1337,
  "test_id": "I02",
  "v_final": 0.6292827467243056,
  "v_target": 0.49999520413799997
}
