{
  "alpha_final": 1.2,
  "alpha_initial": 1.2,
  "err_final": 0.12928754258630565,
  "test_id": "I02",
  "v_final": 0.6292827467243056,
  "v_target": 0.49999520413799997
}