{
    "50": {
        "resonance": 50,
        "pulse": null,
        "drift": null,
        "noise": []
    },
    "85": {
        "resonance": 2.01,
        "pulse": 0.02,
        "drift": 0.0006147705432114315,
        "noise": [
            0.005,
            0.005,
            0.005,
            0.005,
            0.005
        ]
    },
    "90": {
        "resonance": 2.01,
        "pulse": 0.02,
        "drift": 0.0005103739704510216,
        "noise": [
            0.005,
            0.005,
            0.005,
            0.005,
            0.005
        ]
    },
    "95": {
        "resonance": 2.01,
        "pulse": 0.02,
        "drift": 0.0005231076780567671,
        "noise": [
            0.005,
            0.005,
            0.005,
            0.005,
            0.005
        ]
    },
    "99": {
        "resonance": 2.01,
        "pulse": 0.02,
        "drift": 0.00034341899518253405,
        "noise": [
            0.005,
            0.005,
            0.005,
            0.005,
            0.005
        ]
    },
    "100": {
        "resonance": 100,
        "pulse": 0.02,
        "drift": 0.00038786147955002093,
        "noise": [
            0.005,
            0.005,
            0.005,
            0.005,
            0.005
        ]
    }
}