{
    "50": {
        "resonance": 50,
        "pulse": null,
        "drift": null,
        "noise": []
    },
    "85": {
        "resonance": 85,
        "pulse": 0.02,
        "drift": 0.0002485192819101351,
        "noise": [
            0.005,
            0.005,
            0.005,
            0.005,
            0.005
        ]
    },
    "90": {
        "resonance": 90,
        "pulse": 0.02,
        "drift": 0.0007812238164997919,
        "noise": [
            0.005,
            0.005,
            0.005,
            0.005,
            0.005
        ]
    },
    "95": {
        "resonance": 95,
        "pulse": 0.02,
        "drift": 0.0009846695357259559,
        "noise": [
            0.005,
            0.005,
            0.005,
            0.005,
            0.005
        ]
    },
    "99": {
        "resonance": 99,
        "pulse": 0.02,
        "drift": 0.00014253212518981867,
        "noise": [
            0.005,
            0.005,
            0.005,
            0.005,
            0.005
        ]
    },
    "100": {
        "resonance": 100,
        "pulse": 0.02,
        "drift": 0.00038786147955002093,
        "noise": [
            0.005,
            0.005,
            0.005,
            0.005,
            0.005
        ]
    }
}