{
    "50": {
        "resonance": 50,
        "pulse": null,
        "drift": null,
        "noise": []
    },
    "85": {
        "resonance": 85,
        "pulse": 0.02,
        "drift": 0.0009548902266788662,
        "noise": [
            0.005,
            0.005,
            0.005,
            0.005,
            0.005
        ]
    },
    "90": {
        "resonance": 90,
        "pulse": 0.02,
        "drift": 0.0007065124062083689,
        "noise": [
            0.005,
            0.005,
            0.005,
            0.005,
            0.005
        ]
    },
    "95": {
        "resonance": 95,
        "pulse": 0.02,
        "drift": 0.000985380718364409,
        "noise": [
            0.005,
            0.005,
            0.005,
            0.005,
            0.005
        ]
    },
    "99": {
        "resonance": 99,
        "pulse": 0.02,
        "drift": 0.0003824432054392814,
        "noise": [
            0.005,
            0.005,
            0.005,
            0.005,
            0.005
        ]
    },
    "100": {
        "resonance": 100,
        "pulse": 0.02,
        "drift": 0.0005556327119719861,
        "noise": [
            0.005,
            0.005,
            0.005,
            0.005,
            0.005
        ]
    }
}