{
  "alpha_final": 1.2,
  "alpha_initial": 1.2,
  "controller": "unknown",
  "err_final": 0.06840609525676661,
  "run_hash": "ce452d9",
  "seed": 1337,
  "test_id": "I02",
  "v_final": 0.5684012993947666,
  "v_target": 0.49999520413799997
}
