{
  "alpha_final": 1.2,
  "alpha_initial": 1.2,
  "err_final": 0.06840609525676661,
  "test_id": "I02",
  "v_final": 0.5684012993947666,
  "v_target": 0.49999520413799997
}