{
  "IC_types": [
    "hot_shell",
    "cold_spike",
    "multi_blob"
  ],
  "constants": {
    "\u0127": 0.001,
    "G": 1e-05,
    "\u039b": 1e-06,
    "\u03b1": 0.5,
    "\u03b2": 0.2
  },
  "params": {
    "N": 512,
    "T": 3000,
    "dt": 0.01,
    "base_noise": 0.008,
    "feedback_gamma": 3.0
  },
  "metrics": {
    "Phi_mean": [
      0.233424891245378,
      0.0003259962207778637,
      0.35215762293116515
    ],
    "curv_exp": [
      0.21198351080925024,
      0.11011804995008473,
      0.3256394604887092
    ],
    "entropy_rate": [
      -1.0772771880107612e-05,
      0.03753618231052524,
      4.660895383978847e-06
    ]
  },
  "collapse_dev": {
    "Phi_mean": 0.14614226325701193,
    "curv_exp": 0.08803012452447312,
    "entropy_rate": 0.017696167739226155
  },
  "classification": "\u274c IC-dependent (feedback insufficient)",
  "timestamp": "2025-10-08T13:46Z"
}