{
  "eta": 0.001,
  "noise": 0.0025,
  "K_field": 0.1,
  "K_global": 0.12,
  "alignment": {
    "kappa_align_base": 0.06,
    "kappa_boost": 0.18,
    "curvature_gain": 0.2,
    "phase_damp": 0.022,
    "merge_bias_gain": 0.009,
    "bias_gain": 0.004
  },
  "metrics": {
    "R_final": 0.9949399257157902,
    "mean_R": 0.9942581437932154,
    "trajectory_span": [
      0.25,
      0.65,
      0.09609104311901598,
      0.2447007693959894
    ]
  },
  "files": {
    "trajectory_plot": "PAEV_P10p_DynamicTrajectoryEmbedding.png"
  },
  "timestamp": "2025-12-31T18:35Z"
}