{
  "\u0127": 0.001,
  "G": 1e-05,
  "\u039b": 1e-06,
  "\u03b1": 0.5,
  "\u03b2": 0.2,
  "learning_rate": 0.05,
  "feedback_gain": 0.18,
  "meta_gain": 0.12,
  "recognition_gain": 0.07,
  "noise_scale": 0.007,
  "meta_overlap": 0.772892588588767,
  "recognition_stability": 0.0015825699560318889,
  "mean_drift": 3.7836340625906274e-05,
  "classification": "\u274c No self-recognition",
  "files": {
    "plot": "PAEV_P3_SelfRecognition.png"
  },
  "timestamp": "2025-12-31T18:35Z"
}