{
  "\u0127": 0.001,
  "G": 1e-05,
  "\u039b": 1e-06,
  "\u03b1": 0.5,
  "\u03b2": 0.2,
  "feedback_gain": 0.18,
  "meta_gain": 0.12,
  "recognition_gain": 0.07,
  "awareness_gain": 0.1,
  "resonance_gain": 0.09,
  "noise_scale": 0.006,
  "mean_phase_diff": 0.006346728313945931,
  "corr_meta_self": 0.8669674021708631,
  "resonance_index": 0.008156237242510049,
  "classification": "\u274c No resonance",
  "files": {
    "plot": "PAEV_P5_ConsciousResonance.png"
  },
  "timestamp": "2025-12-31T18:35Z"
}