{
  "timestamp": 1761261512.783153,
  "events": [
    {
      "time": 1761261344.3742745,
      "drift_mag": 0.54,
      "amplitude": 0.162,
      "phase": 5.141592653589793,
      "target": "concept:equilibrium",
      "gain": 0.3,
      "timestamp": 1761261344.3742745
    },
    {
      "time": 1761261512.7813568,
      "drift_mag": 0.5075000000000001,
      "amplitude": 0.15225,
      "phase": 4.941592653589793,
      "target": "concept:equilibrium",
      "gain": 0.3,
      "timestamp": 1761261512.7813568
    },
    {
      "time": 1761261512.782068,
      "drift_mag": 0.5075000000000001,
      "amplitude": 0.15225,
      "phase": 4.941592653589793,
      "target": "concept:equilibrium",
      "gain": 0.3,
      "timestamp": 1761261512.782068
    },
    {
      "time": 1761261512.7827048,
      "drift_mag": 0.5075000000000001,
      "amplitude": 0.15225,
      "phase": 4.941592653589793,
      "target": "concept:equilibrium",
      "gain": 0.3,
      "timestamp": 1761261512.7827048
    }
  ]
}