{"closure_error_final":0.0,"coherence_final":0.9999667388144104,"dt":0.05,"events":192,"lock_id":"VOLVII-GEOMETRY-PI-v0.1","pi_err_final":0.0,"pi_s_final":3.141592653589793,"scene_id":"VOL7_PHASE_CLOSURE_PI","seed":20251230,"steps":64,"trace_sha256":"1b9f03baf2a3bc1c8714d7811819379fe83c4f066831c9cf2b84dd16b2cf0ee5","version":"v0.1","winding_n_final":1}
