{
  "timestamp": 1761325960.2514474,
  "tensor_field": {
    "resonance": {
      "\u03a6": 1.0,
      "\u03c8": 1.0,
      "\u03b7": 1.0,
      "\u039b": 1.0,
      "q_val": 0.927098,
      "phase": 0.785
    },
    "entangle": {
      "\u03a6": 1.0,
      "\u03c8": 1.0,
      "\u03b7": 1.0,
      "\u039b": 1.0,
      "q_val": 0.927098,
      "phase": 0.785
    },
    "collapse": {
      "\u03a6": 1.0,
      "\u03c8": 1.0,
      "\u03b7": 1.0,
      "\u039b": 1.0,
      "q_val": 0.927098,
      "phase": 0.785
    },
    "superposition": {
      "\u03a6": 1.0,
      "\u03c8": 1.0,
      "\u03b7": 1.0,
      "\u039b": 1.0,
      "q_val": 0.927098,
      "phase": 0.785
    },
    "entanglement": {
      "\u03a6": 1.0,
      "\u03c8": 1.0,
      "\u03b7": 1.0,
      "\u039b": 1.0,
      "q_val": 0.927098,
      "phase": 0.785
    }
  },
  "meta": {
    "schema": "LangFieldResonance.v2",
    "adaptation": true,
    "learning_rate": 0.05
  }
}