{
  "alpha_final": 1.912707585379367,
  "alpha_initial": 1.2,
  "controller": "unknown",
  "err_final": 0.0031750020081884878,
  "run_hash": "5c4fedf",
  "seed": 1337,
  "test_id": "I02",
  "v_final": 0.4968202021298115,
  "v_target": 0.49999520413799997
}
