{
  "alpha_final": 1.912707585379367,
  "alpha_initial": 1.2,
  "err_final": 0.0031750020081884878,
  "test_id": "I02",
  "v_final": 0.4968202021298115,
  "v_target": 0.49999520413799997
}