{
  "\u0127": 0.001,
  "G": 1e-05,
  "\u039b": 1e-06,
  "\u03b1": 0.5,
  "\u03b2": 0.2,
  "coupling_strength": 0.25,
  "noise_scale": 0.02,
  "mean_drift": 8.095845747671304e-05,
  "final_S_sys": 0.7172019003632766,
  "final_S_obs": 0.7170173128793309,
  "final_I_mut": 0.9469051520793733,
  "classification": "\u2705 Balanced exchange",
  "files": {
    "plot": "PAEV_O2_InfoEquilibrium.png"
  },
  "timestamp": "2025-12-30T23:24Z"
}