{
  "alpha_final": 1.7112884053399624,
  "alpha_initial": 1.2,
  "err_final": 0.017690127008110845,
  "test_id": "I02",
  "v_final": 0.5176853311461108,
  "v_target": 0.49999520413799997
}