intercept,r2,slope
-4.979259726554883e-26,1.0,-5.951024238358613e-11
