{
  "intercept": -4.979259726554883e-26,
  "r2": 1.0,
  "slope": -5.951024238358613e-11
}