{
  "alpha_final": 2.0,
  "alpha_initial": 1.2,
  "err_final": 0.049905524271102786,
  "test_id": "I02",
  "v_final": 0.5499007284091028,
  "v_target": 0.49999520413799997
}