{
  "fields": {
    "gravity": 1.5292351816602465,
    "magnetism": 1.0511237644784874,
    "wave_frequency": 0.6400000000000001,
    "field_pressure": 1.0
  },
  "glyphs": [],
  "timestamp": "2025-08-01T00:59:39.746917",
  "stage": "controlled_exhaust",
  "particles": 3612,
  "score": 0.0,
  "sqi_enabled": true
}