{
  "fields": {
    "gravity": 1.8904350425284444,
    "magnetism": 1.6149135676633333,
    "wave_frequency": 0.5599999999999999,
    "field_pressure": 1.0
  },
  "glyphs": [],
  "timestamp": "2025-08-01T00:42:14.828145",
  "stage": "controlled_exhaust",
  "particles": 2750,
  "score": 0.0,
  "sqi_enabled": true
}