{
  "fields": {
    "gravity": 2.1168419775022125,
    "magnetism": 1.9738393178134666,
    "wave_frequency": 0.5599999999999999,
    "field_pressure": 1.0
  },
  "glyphs": [],
  "timestamp": "2025-08-01T00:42:15.372711",
  "stage": "controlled_exhaust",
  "particles": 2863,
  "score": 0.0,
  "sqi_enabled": true
}