{
  "fields": {
    "gravity": 1.1540937196546086,
    "magnetism": 1.1615733809650133,
    "wave_frequency": 0.5599999999999999,
    "field_pressure": 1.0
  },
  "glyphs": [],
  "timestamp": "2025-08-01T13:01:58.417735",
  "stage": "controlled_exhaust",
  "particles": 4582,
  "score": 0.0,
  "sqi_enabled": true
}