{
  "fields": {
    "gravity": 1.6203151468434347,
    "magnetism": 1.3573603789571653,
    "wave_frequency": 0.5599999999999999,
    "field_pressure": 1.0
  },
  "glyphs": [],
  "timestamp": "2025-08-01T01:02:17.852752",
  "stage": "controlled_exhaust",
  "particles": 4125,
  "score": 0.0,
  "sqi_enabled": true
}