{
  "fields": {
    "gravity": 1.1048394793623313,
    "magnetism": 1.0,
    "wave_frequency": 0.5599999999999999,
    "field_pressure": 1.0
  },
  "glyphs": [],
  "timestamp": "2025-08-01T13:01:57.863551",
  "stage": "controlled_exhaust",
  "particles": 4525,
  "score": 0.0,
  "sqi_enabled": false
}