{
  "fields": {
    "gravity": 1.4999250009374998,
    "magnetism": 1.0060089999999997,
    "wave_frequency": 0.5599999999999999,
    "field_pressure": 1.0
  },
  "glyphs": [],
  "timestamp": "2025-08-01T01:02:16.969586",
  "stage": "controlled_exhaust",
  "particles": 4012,
  "score": 0.0,
  "sqi_enabled": true
}