{
  "fields": {
    "gravity": 1.5291969507807048,
    "magnetism": 1.0542771357719227,
    "wave_frequency": 0.6400000000000001,
    "field_pressure": 1.0
  },
  "glyphs": [],
  "timestamp": "2025-08-01T00:59:41.905150",
  "stage": "controlled_exhaust",
  "particles": 3812,
  "score": 0.0,
  "sqi_enabled": true
}