{
  "fields": {
    "gravity": 0.9999749999999998,
    "magnetism": 1.2035999999999998,
    "wave_frequency": 1.05,
    "field_pressure": 1.0
  },
  "glyphs": [],
  "timestamp": "2025-08-01T18:09:57.892541",
  "stage": "G1.2",
  "particles": 4181,
  "score": 0.0,
  "sqi_enabled": true
}