{
  "fields": {
    "gravity": 1.0795751162158254,
    "magnetism": 5.818380979803885e+27,
    "wave_frequency": 2.5,
    "field_pressure": 1.0
  },
  "glyphs": [],
  "timestamp": "2025-08-01T17:27:48.987369",
  "stage": "G1",
  "particles": 37552,
  "score": 0.0,
  "sqi_enabled": true
}