{
  "fields": {
    "gravity": 1.7190450491205596,
    "magnetism": 6.457014243776425e+45,
    "wave_frequency": 2.0999999999999996,
    "field_pressure": 1.0
  },
  "glyphs": [],
  "timestamp": "2025-08-01T20:29:27.953196",
  "stage": "G1",
  "particles": 60097,
  "score": 0.0,
  "sqi_enabled": true
}