{
  "fields": {
    "gravity": 2.0580752115385623,
    "magnetism": 2.775325956170639e+36,
    "wave_frequency": 2.0999999999999996,
    "field_pressure": 1.0
  },
  "glyphs": [],
  "timestamp": "2025-08-01T20:28:11.993597",
  "stage": "G1",
  "particles": 48341,
  "score": 0.0,
  "sqi_enabled": true
}