{
  "fields": {
    "gravity": 1.0502909374373561,
    "magnetism": 1.5697427189783821e+29,
    "wave_frequency": 2.5,
    "field_pressure": 1.0
  },
  "glyphs": [],
  "timestamp": "2025-08-01T18:05:16.950621",
  "stage": "G1",
  "particles": 39669,
  "score": 0.0,
  "sqi_enabled": true
}