{
  "fields": {
    "gravity": 4.108384244906683,
    "magnetism": 2.968355982606284,
    "wave_frequency": 2.0999999999999996,
    "field_pressure": 1.0
  },
  "glyphs": [],
  "timestamp": "2025-08-01T18:09:57.507104",
  "stage": "G1",
  "particles": 3954,
  "score": 0.0,
  "sqi_enabled": true
}