{
  "fields": {
    "gravity": 1.7230110946431687,
    "magnetism": 2737.503436561598,
    "wave_frequency": 2.5,
    "field_pressure": 1.0
  },
  "glyphs": [],
  "timestamp": "2025-08-01T17:27:26.960809",
  "stage": "G1",
  "particles": 8318,
  "score": 0.0,
  "sqi_enabled": true
}