{
  "fields": {
    "gravity": 1.0931546703079351,
    "magnetism": 1.3011748029782828e+27,
    "wave_frequency": 2.5,
    "field_pressure": 1.0
  },
  "glyphs": [],
  "timestamp": "2025-08-01T18:05:14.934673",
  "stage": "G1",
  "particles": 37167,
  "score": 0.0,
  "sqi_enabled": true
}