{
  "fields": {
    "gravity": 1.1292662836488623,
    "magnetism": 2.6492486281059628e+25,
    "wave_frequency": 2.5,
    "field_pressure": 1.0
  },
  "glyphs": [],
  "timestamp": "2025-08-01T17:28:47.981052",
  "stage": "G1",
  "particles": 34965,
  "score": 0.0,
  "sqi_enabled": true
}