{
  "fields": {
    "gravity": 1.5284703497095584,
    "magnetism": 8.402662892916368e+51,
    "wave_frequency": 2.0999999999999996,
    "field_pressure": 1.0
  },
  "glyphs": [],
  "timestamp": "2025-08-01T20:28:29.949946",
  "stage": "G1",
  "particles": 67302,
  "score": 0.0,
  "sqi_enabled": true
}