{
  "fields": {
    "gravity": 1.7359824216678568,
    "magnetism": 1114.4863839285179,
    "wave_frequency": 2.5,
    "field_pressure": 1.0
  },
  "glyphs": [],
  "timestamp": "2025-08-01T18:04:51.964515",
  "stage": "G1",
  "particles": 8246,
  "score": 0.0,
  "sqi_enabled": true
}