{
  "fields": {
    "gravity": 1.152079263850284,
    "magnetism": 2.4119944367782572e+24,
    "wave_frequency": 2.5,
    "field_pressure": 1.0
  },
  "glyphs": [],
  "timestamp": "2025-08-01T17:28:46.955937",
  "stage": "G1",
  "particles": 33714,
  "score": 0.0,
  "sqi_enabled": true
}