{
  "fields": {
    "gravity": 1.9563403956852248,
    "magnetism": 4.918800351140142,
    "wave_frequency": 1.0,
    "field_pressure": 1.0
  },
  "glyphs": [],
  "timestamp": "2025-08-01T18:05:49.430429",
  "stage": "G1",
  "particles": 1459,
  "score": 0.0,
  "sqi_enabled": true
}