{
  "fields": {
    "gravity": 0.8513470527449953,
    "magnetism": 1.3294311447714052e+40,
    "wave_frequency": 2.5,
    "field_pressure": 1.0
  },
  "glyphs": [],
  "timestamp": "2025-08-01T18:05:28.968465",
  "stage": "G1",
  "particles": 52804,
  "score": 0.0,
  "sqi_enabled": true
}