{
  "fields": {
    "gravity": 0.6105228411422782,
    "magnetism": 2.667319379732398e+57,
    "wave_frequency": 2.5,
    "field_pressure": 1.0
  },
  "glyphs": [],
  "timestamp": "2025-08-01T17:28:21.909703",
  "stage": "G1",
  "particles": 73214,
  "score": 0.0,
  "sqi_enabled": true
}