{
  "fields": {
    "gravity": 1.0141661741303996,
    "magnetism": 1.0402427697862906e+31,
    "wave_frequency": 2.5,
    "field_pressure": 1.0
  },
  "glyphs": [],
  "timestamp": "2025-08-01T18:05:18.901460",
  "stage": "G1",
  "particles": 41860,
  "score": 0.0,
  "sqi_enabled": true
}