{
  "fields": {
    "gravity": 0.820012344359633,
    "magnetism": 1.1886811601412888e+42,
    "wave_frequency": 2.5,
    "field_pressure": 1.0
  },
  "glyphs": [],
  "timestamp": "2025-08-01T17:28:03.895411",
  "stage": "G1",
  "particles": 54758,
  "score": 0.0,
  "sqi_enabled": true
}