{
  "fields": {
    "gravity": 1.9128137042644457,
    "magnetism": 72.8951969600238,
    "wave_frequency": 1.0,
    "field_pressure": 1.0
  },
  "glyphs": [],
  "timestamp": "2025-08-01T18:07:48.432844",
  "stage": "G1",
  "particles": 2779,
  "score": 0.0,
  "sqi_enabled": true
}