{
  "fields": {
    "gravity": 1.6804692739845999,
    "magnetism": 54737.84474758485,
    "wave_frequency": 2.5,
    "field_pressure": 1.0
  },
  "glyphs": [],
  "timestamp": "2025-08-01T17:27:27.975227",
  "stage": "G1",
  "particles": 9881,
  "score": 0.0,
  "sqi_enabled": true
}