{
  "fields": {
    "gravity": 1.513261626459545,
    "magnetism": 2.7847752379011895e+52,
    "wave_frequency": 2.0999999999999996,
    "field_pressure": 1.0
  },
  "glyphs": [],
  "timestamp": "2025-08-01T20:29:36.972599",
  "stage": "G1",
  "particles": 68223,
  "score": 0.0,
  "sqi_enabled": true
}