{
  "fields": {
    "gravity": 0.5924789421324449,
    "magnetism": 9.70945034140563e+58,
    "wave_frequency": 2.5,
    "field_pressure": 1.0
  },
  "glyphs": [],
  "timestamp": "2025-08-01T17:28:23.986683",
  "stage": "G1",
  "particles": 75090,
  "score": 0.0,
  "sqi_enabled": true
}