{
  "fields": {
    "gravity": 0.894997108918268,
    "magnetism": 3.3250624617714856e+37,
    "wave_frequency": 2.5,
    "field_pressure": 1.0
  },
  "glyphs": [],
  "timestamp": "2025-08-01T18:05:25.883798",
  "stage": "G1",
  "particles": 49677,
  "score": 0.0,
  "sqi_enabled": true
}