{
  "fields": {
    "gravity": 1.745025415223056,
    "magnetism": 1.0702172141033787e+45,
    "wave_frequency": 2.0999999999999996,
    "field_pressure": 1.0
  },
  "glyphs": [],
  "timestamp": "2025-08-01T20:29:26.982486",
  "stage": "G1",
  "particles": 59141,
  "score": 0.0,
  "sqi_enabled": true
}