{
  "fields": {
    "gravity": 1.8903653554718536,
    "magnetism": 7.353367424674983e+40,
    "wave_frequency": 2.0999999999999996,
    "field_pressure": 1.0
  },
  "glyphs": [],
  "timestamp": "2025-08-01T20:29:21.945675",
  "stage": "G1",
  "particles": 54042,
  "score": 0.0,
  "sqi_enabled": true
}