{
  "fields": {
    "gravity": 1.0424431233981577,
    "magnetism": 3.855745704647827e+29,
    "wave_frequency": 2.5,
    "field_pressure": 1.0
  },
  "glyphs": [],
  "timestamp": "2025-08-01T17:27:50.943704",
  "stage": "G1",
  "particles": 39741,
  "score": 0.0,
  "sqi_enabled": true
}