{
  "fields": {
    "gravity": 1.1738848107819093,
    "magnetism": 2.5508007526694888e+23,
    "wave_frequency": 2.5,
    "field_pressure": 1.0
  },
  "glyphs": [],
  "timestamp": "2025-08-01T18:05:10.998721",
  "stage": "G1",
  "particles": 32713,
  "score": 0.0,
  "sqi_enabled": true
}