{
  "fields": {
    "gravity": 1.4904403066720093,
    "magnetism": 96109472024.80583,
    "wave_frequency": 2.5,
    "field_pressure": 1.0
  },
  "glyphs": [],
  "timestamp": "2025-08-01T18:04:58.950528",
  "stage": "G1",
  "particles": 17782,
  "score": 0.0,
  "sqi_enabled": true
}