{
  "fields": {
    "gravity": 2.994495800332197,
    "magnetism": 8.498038438207842e+16,
    "wave_frequency": 2.0999999999999996,
    "field_pressure": 1.0
  },
  "glyphs": [],
  "timestamp": "2025-08-01T20:28:54.621238",
  "stage": "G1",
  "particles": 24647,
  "score": 0.0,
  "sqi_enabled": true
}