{
  "fields": {
    "gravity": 3.376289651459096,
    "magnetism": 48399423999.49579,
    "wave_frequency": 2.0999999999999996,
    "field_pressure": 1.0
  },
  "glyphs": [],
  "timestamp": "2025-08-01T20:27:46.899239",
  "stage": "G1",
  "particles": 16781,
  "score": 0.0,
  "sqi_enabled": true
}