{
  "fields": {
    "gravity": 1.3726814917629395,
    "magnetism": 3.299354099338293e+57,
    "wave_frequency": 2.0999999999999996,
    "field_pressure": 1.0
  },
  "glyphs": [],
  "timestamp": "2025-08-01T20:28:36.916135",
  "stage": "G1",
  "particles": 74165,
  "score": 0.0,
  "sqi_enabled": true
}