{
  "fields": {
    "gravity": 2.0223717653838356,
    "magnetism": 2.2592646739855556e+37,
    "wave_frequency": 2.0999999999999996,
    "field_pressure": 1.0
  },
  "glyphs": [],
  "timestamp": "2025-08-01T20:28:12.937349",
  "stage": "G1",
  "particles": 49456,
  "score": 0.0,
  "sqi_enabled": true
}