{
  "fields": {
    "gravity": 1.9417225454539644,
    "magnetism": 12.082007514117986,
    "wave_frequency": 1.0,
    "field_pressure": 1.0
  },
  "glyphs": [],
  "timestamp": "2025-08-01T17:19:01.928138",
  "stage": "G1",
  "particles": 1937,
  "score": 0.0,
  "sqi_enabled": true
}