{
  "fields": {
    "gravity": 3.6850292531709554,
    "magnetism": 1353862.6951314462,
    "wave_frequency": 2.0999999999999996,
    "field_pressure": 1.0
  },
  "glyphs": [],
  "timestamp": "2025-08-01T20:27:42.939686",
  "stage": "G1",
  "particles": 11204,
  "score": 0.0,
  "sqi_enabled": true
}