{
  "fields": {
    "gravity": 1.494171115642071,
    "magnetism": 71231631143.14983,
    "wave_frequency": 2.5,
    "field_pressure": 1.0
  },
  "glyphs": [],
  "timestamp": "2025-08-01T17:28:33.992838",
  "stage": "G1",
  "particles": 17438,
  "score": 0.0,
  "sqi_enabled": true
}