{
  "fields": {
    "gravity": 1.5629454936040497,
    "magnetism": 324334727.7168172,
    "wave_frequency": 2.5,
    "field_pressure": 1.0
  },
  "glyphs": [],
  "timestamp": "2025-08-01T17:27:30.990740",
  "stage": "G1",
  "particles": 14415,
  "score": 0.0,
  "sqi_enabled": true
}