{
  "fields": {
    "gravity": 3.4102223528658313,
    "magnetism": 14603837270.026737,
    "wave_frequency": 2.0999999999999996,
    "field_pressure": 1.0
  },
  "glyphs": [],
  "timestamp": "2025-08-01T20:28:47.968361",
  "stage": "G1",
  "particles": 16362,
  "score": 0.0,
  "sqi_enabled": true
}