{
  "fields": {
    "gravity": 1.1558327594590307,
    "magnetism": 98.35404272706813,
    "wave_frequency": 1.0,
    "field_pressure": 1.0
  },
  "glyphs": [],
  "timestamp": "2025-08-01T17:18:59.133889",
  "stage": "G1",
  "particles": 2791,
  "score": 0.0,
  "sqi_enabled": true
}