{
  "fields": {
    "gravity": 1.697358483141367,
    "magnetism": 16516.365509102812,
    "wave_frequency": 2.5,
    "field_pressure": 1.0
  },
  "glyphs": [],
  "timestamp": "2025-08-01T18:04:52.908614",
  "stage": "G1",
  "particles": 9653,
  "score": 0.0,
  "sqi_enabled": true
}