{
  "fields": {
    "gravity": 0.6322697635819553,
    "magnetism": 4.025026942878967e+55,
    "wave_frequency": 2.5,
    "field_pressure": 1.0
  },
  "glyphs": [],
  "timestamp": "2025-08-01T17:29:21.886291",
  "stage": "G1",
  "particles": 71399,
  "score": 0.0,
  "sqi_enabled": true
}