{
  "fields": {
    "gravity": 0.6849303431118898,
    "magnetism": 2.7655602633902403e+51,
    "wave_frequency": 2.5,
    "field_pressure": 1.0
  },
  "glyphs": [],
  "timestamp": "2025-08-01T17:28:14.953674",
  "stage": "G1",
  "particles": 66017,
  "score": 0.0,
  "sqi_enabled": true
}