{
  "fields": {
    "gravity": 2.1798845167793632,
    "magnetism": 2.825973275116236e+33,
    "wave_frequency": 2.0999999999999996,
    "field_pressure": 1.0
  },
  "glyphs": [],
  "timestamp": "2025-08-01T20:29:12.938145",
  "stage": "G1",
  "particles": 44960,
  "score": 0.0,
  "sqi_enabled": true
}