{
  "fields": {
    "gravity": 1.196103074001294,
    "magnetism": 2.697595143921725e+22,
    "wave_frequency": 2.5,
    "field_pressure": 1.0
  },
  "glyphs": [],
  "timestamp": "2025-08-01T18:05:09.970020",
  "stage": "G1",
  "particles": 31539,
  "score": 0.0,
  "sqi_enabled": true
}