{
  "fields": {
    "gravity": 0.8707197289100661,
    "magnetism": 8.970695813202035e+38,
    "wave_frequency": 2.5,
    "field_pressure": 1.0
  },
  "glyphs": [],
  "timestamp": "2025-08-01T17:29:01.947572",
  "stage": "G1",
  "particles": 51236,
  "score": 0.0,
  "sqi_enabled": true
}