{
  "fields": {
    "gravity": 2.2128296672488283,
    "magnetism": 4.683906727541395e+32,
    "wave_frequency": 2.0999999999999996,
    "field_pressure": 1.0
  },
  "glyphs": [],
  "timestamp": "2025-08-01T20:28:07.906211",
  "stage": "G1",
  "particles": 43720,
  "score": 0.0,
  "sqi_enabled": true
}