{
  "fields": {
    "gravity": 0.6747329322813547,
    "magnetism": 1.6685642668991884e+52,
    "wave_frequency": 2.5,
    "field_pressure": 1.0
  },
  "glyphs": [],
  "timestamp": "2025-08-01T17:28:15.873232",
  "stage": "G1",
  "particles": 66955,
  "score": 0.0,
  "sqi_enabled": true
}