{
  "fields": {
    "gravity": 0.7254686522878889,
    "magnetism": 2.816029366816368e+48,
    "wave_frequency": 2.5,
    "field_pressure": 1.0
  },
  "glyphs": [],
  "timestamp": "2025-08-01T17:29:12.985040",
  "stage": "G1",
  "particles": 62657,
  "score": 0.0,
  "sqi_enabled": true
}