{
  "fields": {
    "gravity": 1.922401843009377,
    "magnetism": 40.04168175997631,
    "wave_frequency": 1.0,
    "field_pressure": 1.0
  },
  "glyphs": [],
  "timestamp": "2025-08-01T18:05:51.109797",
  "stage": "G1",
  "particles": 2602,
  "score": 0.0,
  "sqi_enabled": true
}