{
  "fields": {
    "gravity": 0.5909995762628061,
    "magnetism": 1.310050227669547e+59,
    "wave_frequency": 2.5,
    "field_pressure": 1.0
  },
  "glyphs": [],
  "timestamp": "2025-08-01T17:28:24.138415",
  "stage": "G1",
  "particles": 75246,
  "score": 0.0,
  "sqi_enabled": true
}