{
  "fields": {
    "gravity": 2.6426291394142156,
    "magnetism": 2.7163379001789273e+23,
    "wave_frequency": 2.0999999999999996,
    "field_pressure": 1.0
  },
  "glyphs": [],
  "timestamp": "2025-08-01T20:29:01.907089",
  "stage": "G1",
  "particles": 32632,
  "score": 0.0,
  "sqi_enabled": true
}