{
  "fields": {
    "gravity": 1.4355831103913999,
    "magnetism": 8593413743639.6875,
    "wave_frequency": 2.5,
    "field_pressure": 1.0
  },
  "glyphs": [],
  "timestamp": "2025-08-01T17:27:34.911642",
  "stage": "G1",
  "particles": 19730,
  "score": 0.0,
  "sqi_enabled": true
}