{
  "fields": {
    "gravity": 1.7578186670980152,
    "magnetism": 249.23455615294654,
    "wave_frequency": 2.5,
    "field_pressure": 1.0
  },
  "glyphs": [],
  "timestamp": "2025-08-01T17:28:26.941237",
  "stage": "G1",
  "particles": 7270,
  "score": 0.0,
  "sqi_enabled": true
}