{
  "fields": {
    "gravity": 1.4609272460047433,
    "magnetism": 1055632148346.9198,
    "wave_frequency": 2.5,
    "field_pressure": 1.0
  },
  "glyphs": [],
  "timestamp": "2025-08-01T17:28:34.941480",
  "stage": "G1",
  "particles": 18848,
  "score": 0.0,
  "sqi_enabled": true
}