{
  "fields": {
    "gravity": 1.063502137272505,
    "magnetism": 3.5104433349810196e+28,
    "wave_frequency": 2.5,
    "field_pressure": 1.0
  },
  "glyphs": [],
  "timestamp": "2025-08-01T17:27:49.720107",
  "stage": "G1",
  "particles": 38490,
  "score": 0.0,
  "sqi_enabled": true
}