{
  "fields": {
    "gravity": 3.2929277338891456,
    "magnetism": 967772358337.0293,
    "wave_frequency": 2.0999999999999996,
    "field_pressure": 1.0
  },
  "glyphs": [],
  "timestamp": "2025-08-01T20:27:47.976046",
  "stage": "G1",
  "particles": 18374,
  "score": 0.0,
  "sqi_enabled": true
}