{
  "fields": {
    "gravity": 1.4832966677911459,
    "magnetism": 3.058697759041072e+53,
    "wave_frequency": 2.0999999999999996,
    "field_pressure": 1.0
  },
  "glyphs": [],
  "timestamp": "2025-08-01T20:28:31.904204",
  "stage": "G1",
  "particles": 69214,
  "score": 0.0,
  "sqi_enabled": true
}