{
  "fields": {
    "gravity": 0.6713676457810253,
    "magnetism": 3.037592716638828e+52,
    "wave_frequency": 2.5,
    "field_pressure": 1.0
  },
  "glyphs": [],
  "timestamp": "2025-08-01T17:29:17.867753",
  "stage": "G1",
  "particles": 67596,
  "score": 0.0,
  "sqi_enabled": true
}