{
  "fields": {
    "gravity": 1.93203804310204,
    "magnetism": 21.99508808579667,
    "wave_frequency": 1.0,
    "field_pressure": 1.0
  },
  "glyphs": [],
  "timestamp": "2025-08-01T18:07:47.894984",
  "stage": "G1",
  "particles": 2097,
  "score": 0.0,
  "sqi_enabled": true
}