{
  "fields": {
    "gravity": 1.802671130670519,
    "magnetism": 2.1790089077570977e+43,
    "wave_frequency": 2.0999999999999996,
    "field_pressure": 1.0
  },
  "glyphs": [],
  "timestamp": "2025-08-01T20:29:24.893378",
  "stage": "G1",
  "particles": 57070,
  "score": 0.0,
  "sqi_enabled": true
}