{
  "fields": {
    "gravity": 1.1587259925577182,
    "magnetism": 72.8951969600238,
    "wave_frequency": 1.0,
    "field_pressure": 1.0
  },
  "glyphs": [],
  "timestamp": "2025-08-01T17:18:58.958501",
  "stage": "G1",
  "particles": 2599,
  "score": 0.0,
  "sqi_enabled": true
}