{
  "fields": {
    "gravity": 3.5940444335738224,
    "magnetism": 27071208.395900197,
    "wave_frequency": 2.0999999999999996,
    "field_pressure": 1.0
  },
  "glyphs": [],
  "timestamp": "2025-08-01T20:27:43.972180",
  "stage": "G1",
  "particles": 12798,
  "score": 0.0,
  "sqi_enabled": true
}