{
  "fields": {
    "gravity": 1.5281714602315113,
    "magnetism": 4806546753.297865,
    "wave_frequency": 2.5,
    "field_pressure": 1.0
  },
  "glyphs": [],
  "timestamp": "2025-08-01T17:28:32.985950",
  "stage": "G1",
  "particles": 16031,
  "score": 0.0,
  "sqi_enabled": true
}