{
  "fields": {
    "gravity": 2.877078501981071,
    "magnetism": 1.025206907899042e+19,
    "wave_frequency": 2.0999999999999996,
    "field_pressure": 1.0
  },
  "glyphs": [],
  "timestamp": "2025-08-01T20:28:56.965245",
  "stage": "G1",
  "particles": 27202,
  "score": 0.0,
  "sqi_enabled": true
}