{
  "fields": {
    "gravity": 1.1349268253856009,
    "magnetism": 1.455244994095402e+25,
    "wave_frequency": 2.5,
    "field_pressure": 1.0
  },
  "glyphs": [],
  "timestamp": "2025-08-01T18:05:12.939570",
  "stage": "G1",
  "particles": 34822,
  "score": 0.0,
  "sqi_enabled": true
}