{
  "fields": {
    "gravity": 1.1990971100976249,
    "magnetism": 1.999325334091832e+22,
    "wave_frequency": 2.5,
    "field_pressure": 1.0
  },
  "glyphs": [],
  "timestamp": "2025-08-01T17:28:44.907885",
  "stage": "G1",
  "particles": 31210,
  "score": 0.0,
  "sqi_enabled": true
}