{
  "fields": {
    "gravity": 0.7937900359961686,
    "magnetism": 5.838191092908521e+43,
    "wave_frequency": 2.5,
    "field_pressure": 1.0
  },
  "glyphs": [],
  "timestamp": "2025-08-01T17:28:05.985061",
  "stage": "G1",
  "particles": 56793,
  "score": 0.0,
  "sqi_enabled": true
}