{
  "fields": {
    "gravity": 0.7607603979633096,
    "magnetism": 9.503081212361841e+45,
    "wave_frequency": 2.5,
    "field_pressure": 1.0
  },
  "glyphs": [],
  "timestamp": "2025-08-01T18:05:35.863031",
  "stage": "G1",
  "particles": 59839,
  "score": 0.0,
  "sqi_enabled": true
}