{
  "fields": {
    "gravity": 2.078759471135644,
    "magnetism": 8.374151030313807e+35,
    "wave_frequency": 2.0999999999999996,
    "field_pressure": 1.0
  },
  "glyphs": [],
  "timestamp": "2025-08-01T20:29:15.957373",
  "stage": "G1",
  "particles": 47988,
  "score": 0.0,
  "sqi_enabled": true
}