{
  "fields": {
    "gravity": 0.8860916281271718,
    "magnetism": 1.1019782330934657e+38,
    "wave_frequency": 2.5,
    "field_pressure": 1.0
  },
  "glyphs": [],
  "timestamp": "2025-08-01T17:29:00.985379",
  "stage": "G1",
  "particles": 50141,
  "score": 0.0,
  "sqi_enabled": true
}