{
  "fields": {
    "gravity": 0.9039920924036717,
    "magnetism": 1.0032902685968139e+37,
    "wave_frequency": 2.5,
    "field_pressure": 1.0
  },
  "glyphs": [],
  "timestamp": "2025-08-01T17:28:59.905597",
  "stage": "G1",
  "particles": 48891,
  "score": 0.0,
  "sqi_enabled": true
}