{
  "fields": {
    "gravity": 2.8271670037022454,
    "magnetism": 8.345735913983063e+19,
    "wave_frequency": 2.0999999999999996,
    "field_pressure": 1.0
  },
  "glyphs": [],
  "timestamp": "2025-08-01T20:28:57.895436",
  "stage": "G1",
  "particles": 28318,
  "score": 0.0,
  "sqi_enabled": true
}