{
  "fields": {
    "gravity": 1.6720877940072763,
    "magnetism": 99649.31038512797,
    "wave_frequency": 2.5,
    "field_pressure": 1.0
  },
  "glyphs": [],
  "timestamp": "2025-08-01T17:28:28.976790",
  "stage": "G1",
  "particles": 10397,
  "score": 0.0,
  "sqi_enabled": true
}