{
  "fields": {
    "gravity": 1.468250266066612,
    "magnetism": 579863808624.9812,
    "wave_frequency": 2.5,
    "field_pressure": 1.0
  },
  "glyphs": [],
  "timestamp": "2025-08-01T17:27:33.933465",
  "stage": "G1",
  "particles": 18323,
  "score": 0.0,
  "sqi_enabled": true
}