{
  "fields": {
    "gravity": 1.8273176588192928,
    "magnetism": 2.392550658465205,
    "wave_frequency": 2.5,
    "field_pressure": 1.0
  },
  "glyphs": [],
  "timestamp": "2025-08-01T17:23:11.672512",
  "stage": "G1",
  "particles": 3938,
  "score": 0.0,
  "sqi_enabled": true
}