{
  "fields": {
    "gravity": 0.663027679343335,
    "magnetism": 1.3583011019294374e+53,
    "wave_frequency": 2.5,
    "field_pressure": 1.0
  },
  "glyphs": [],
  "timestamp": "2025-08-01T17:28:16.961584",
  "stage": "G1",
  "particles": 68049,
  "score": 0.0,
  "sqi_enabled": true
}