{
  "fields": {
    "gravity": 1.6766011516836539,
    "magnetism": 1.2911145187555083e+47,
    "wave_frequency": 2.0999999999999996,
    "field_pressure": 1.0
  },
  "glyphs": [],
  "timestamp": "2025-08-01T20:29:29.841685",
  "stage": "G1",
  "particles": 61690,
  "score": 0.0,
  "sqi_enabled": true
}