{
  "fields": {
    "gravity": 0.9891260129660424,
    "magnetism": 2.0800210320056905e+32,
    "wave_frequency": 2.5,
    "field_pressure": 1.0
  },
  "glyphs": [],
  "timestamp": "2025-08-01T17:28:54.917433",
  "stage": "G1",
  "particles": 43260,
  "score": 0.0,
  "sqi_enabled": true
}