{
  "fields": {
    "gravity": 1.6475155096203893,
    "magnetism": 1.0510366956388012e+48,
    "wave_frequency": 2.0999999999999996,
    "field_pressure": 1.0
  },
  "glyphs": [],
  "timestamp": "2025-08-01T20:29:30.997142",
  "stage": "G1",
  "particles": 62806,
  "score": 0.0,
  "sqi_enabled": true
}