{
  "fields": {
    "gravity": 1.6226695228838028,
    "magnetism": 3627387.249129456,
    "wave_frequency": 2.5,
    "field_pressure": 1.0
  },
  "glyphs": [],
  "timestamp": "2025-08-01T18:04:54.896940",
  "stage": "G1",
  "particles": 12467,
  "score": 0.0,
  "sqi_enabled": true
}