{
  "fields": {
    "gravity": 0.6418254177178347,
    "magnetism": 6.671277093202762e+54,
    "wave_frequency": 2.5,
    "field_pressure": 1.0
  },
  "glyphs": [],
  "timestamp": "2025-08-01T17:28:18.917262",
  "stage": "G1",
  "particles": 70081,
  "score": 0.0,
  "sqi_enabled": true
}