{
  "fields": {
    "gravity": 0.697022271037117,
    "magnetism": 3.397269594270702e+50,
    "wave_frequency": 2.5,
    "field_pressure": 1.0
  },
  "glyphs": [],
  "timestamp": "2025-08-01T17:28:13.883504",
  "stage": "G1",
  "particles": 64922,
  "score": 0.0,
  "sqi_enabled": true
}