{
  "fields": {
    "gravity": 0.8098258608830627,
    "magnetism": 5.3153502799060323e+42,
    "wave_frequency": 2.5,
    "field_pressure": 1.0
  },
  "glyphs": [],
  "timestamp": "2025-08-01T18:05:31.862456",
  "stage": "G1",
  "particles": 55930,
  "score": 0.0,
  "sqi_enabled": true
}