{
  "fields": {
    "gravity": 1.8483065452148915,
    "magnetism": 1.089747760583245e+42,
    "wave_frequency": 2.0999999999999996,
    "field_pressure": 1.0
  },
  "glyphs": [],
  "timestamp": "2025-08-01T20:28:17.969746",
  "stage": "G1",
  "particles": 55192,
  "score": 0.0,
  "sqi_enabled": true
}