{
  "fields": {
    "gravity": 0.7684062631262696,
    "magnetism": 2.867419488104364e+45,
    "wave_frequency": 2.5,
    "field_pressure": 1.0
  },
  "glyphs": [],
  "timestamp": "2025-08-01T17:28:07.859840",
  "stage": "G1",
  "particles": 58825,
  "score": 0.0,
  "sqi_enabled": true
}