{
  "fields": {
    "gravity": 1.3486044730404916,
    "magnetism": 1.5363786843165106e+16,
    "wave_frequency": 2.5,
    "field_pressure": 1.0
  },
  "glyphs": [],
  "timestamp": "2025-08-01T17:27:37.894518",
  "stage": "G1",
  "particles": 23638,
  "score": 0.0,
  "sqi_enabled": true
}