{
  "fields": {
    "gravity": 1.109675795543004,
    "magnetism": 2.1566309444758044e+26,
    "wave_frequency": 2.5,
    "field_pressure": 1.0
  },
  "glyphs": [],
  "timestamp": "2025-08-01T17:28:48.887724",
  "stage": "G1",
  "particles": 36059,
  "score": 0.0,
  "sqi_enabled": true
}