{
  "fields": {
    "gravity": 2.729926577076099,
    "magnetism": 5.530582392964895e+21,
    "wave_frequency": 2.0999999999999996,
    "field_pressure": 1.0
  },
  "glyphs": [],
  "timestamp": "2025-08-01T20:28:59.874179",
  "stage": "G1",
  "particles": 30554,
  "score": 0.0,
  "sqi_enabled": true
}