{
  "fields": {
    "gravity": 0.9990670195491428,
    "magnetism": 6.276167391983957e+31,
    "wave_frequency": 2.5,
    "field_pressure": 1.0
  },
  "glyphs": [],
  "timestamp": "2025-08-01T18:05:19.941281",
  "stage": "G1",
  "particles": 42798,
  "score": 0.0,
  "sqi_enabled": true
}