{
  "fields": {
    "gravity": 1.505714108501926,
    "magnetism": 5.069635702941669e+52,
    "wave_frequency": 2.0999999999999996,
    "field_pressure": 1.0
  },
  "glyphs": [],
  "timestamp": "2025-08-01T20:28:30.913528",
  "stage": "G1",
  "particles": 68258,
  "score": 0.0,
  "sqi_enabled": true
}