{
  "fields": {
    "gravity": 1.3724130665006011,
    "magnetism": 1887318334229913.0,
    "wave_frequency": 2.5,
    "field_pressure": 1.0
  },
  "glyphs": [],
  "timestamp": "2025-08-01T18:05:02.908841",
  "stage": "G1",
  "particles": 22941,
  "score": 0.0,
  "sqi_enabled": true
}