{
  "fields": {
    "gravity": 3.024591361538711,
    "magnetism": 2.5641621368740252e+16,
    "wave_frequency": 2.0999999999999996,
    "field_pressure": 1.0
  },
  "glyphs": [],
  "timestamp": "2025-08-01T20:27:51.947907",
  "stage": "G1",
  "particles": 23792,
  "score": 0.0,
  "sqi_enabled": true
}