{
  "fields": {
    "gravity": 1.824989284353634,
    "magnetism": 2.787460526955948,
    "wave_frequency": 2.5,
    "field_pressure": 1.0
  },
  "glyphs": [],
  "timestamp": "2025-08-01T17:25:25.687330",
  "stage": "G1",
  "particles": 4774,
  "score": 0.0,
  "sqi_enabled": true
}