{
  "fields": {
    "gravity": 3.63016563441756,
    "magnetism": 8168351.799410379,
    "wave_frequency": 2.0999999999999996,
    "field_pressure": 1.0
  },
  "glyphs": [],
  "timestamp": "2025-08-01T20:28:44.989991",
  "stage": "G1",
  "particles": 12378,
  "score": 0.0,
  "sqi_enabled": true
}