{
  "fields": {
    "gravity": 2.4333606281391478,
    "magnetism": 5.334119741754623e+27,
    "wave_frequency": 2.0999999999999996,
    "field_pressure": 1.0
  },
  "glyphs": [],
  "timestamp": "2025-08-01T20:28:02.899849",
  "stage": "G1",
  "particles": 37660,
  "score": 0.0,
  "sqi_enabled": true
}