{
  "fields": {
    "gravity": 0.9622953250749967,
    "magnetism": 5.611694871212908e+33,
    "wave_frequency": 2.5,
    "field_pressure": 1.0
  },
  "glyphs": [],
  "timestamp": "2025-08-01T17:27:54.951410",
  "stage": "G1",
  "particles": 44743,
  "score": 0.0,
  "sqi_enabled": true
}