{
  "fields": {
    "gravity": 1.0294935260844138,
    "magnetism": 1.7241493932662532e+30,
    "wave_frequency": 2.5,
    "field_pressure": 1.0
  },
  "glyphs": [],
  "timestamp": "2025-08-01T17:28:52.884351",
  "stage": "G1",
  "particles": 40755,
  "score": 0.0,
  "sqi_enabled": true
}