{
  "fields": {
    "gravity": 0.7345940393572036,
    "magnetism": 6.297536151838334e+47,
    "wave_frequency": 2.5,
    "field_pressure": 1.0
  },
  "glyphs": [],
  "timestamp": "2025-08-01T17:29:11.941619",
  "stage": "G1",
  "particles": 61866,
  "score": 0.0,
  "sqi_enabled": true
}