{
  "fields": {
    "gravity": 1.977375939522388,
    "magnetism": 3.3481648295976646e+38,
    "wave_frequency": 2.0999999999999996,
    "field_pressure": 1.0
  },
  "glyphs": [],
  "timestamp": "2025-08-01T20:29:18.923141",
  "stage": "G1",
  "particles": 51174,
  "score": 0.0,
  "sqi_enabled": true
}