{
  "fields": {
    "gravity": 2.7781213690620805,
    "magnetism": 6.793878134188856e+20,
    "wave_frequency": 2.0999999999999996,
    "field_pressure": 1.0
  },
  "glyphs": [],
  "timestamp": "2025-08-01T20:27:55.999237",
  "stage": "G1",
  "particles": 29215,
  "score": 0.0,
  "sqi_enabled": true
}