{
  "fields": {
    "gravity": 3.4791142839761853,
    "magnetism": 1329598659.6811976,
    "wave_frequency": 2.0999999999999996,
    "field_pressure": 1.0
  },
  "glyphs": [],
  "timestamp": "2025-08-01T20:28:46.979074",
  "stage": "G1",
  "particles": 15087,
  "score": 0.0,
  "sqi_enabled": true
}