{
  "fields": {
    "gravity": 3.703500770642709,
    "magnetism": 743683.2801876767,
    "wave_frequency": 2.0999999999999996,
    "field_pressure": 1.0
  },
  "glyphs": [],
  "timestamp": "2025-08-01T20:28:43.850959",
  "stage": "G1",
  "particles": 11104,
  "score": 0.0,
  "sqi_enabled": true
}