{
  "fields": {
    "gravity": 1.7144174338044802,
    "magnetism": 4983.578196916809,
    "wave_frequency": 2.5,
    "field_pressure": 1.0
  },
  "glyphs": [],
  "timestamp": "2025-08-01T17:28:27.950274",
  "stage": "G1",
  "particles": 8833,
  "score": 0.0,
  "sqi_enabled": true
}