{
  "fields": {
    "gravity": 0.8556145010822845,
    "magnetism": 7.302629122455186e+39,
    "wave_frequency": 2.5,
    "field_pressure": 1.0
  },
  "glyphs": [],
  "timestamp": "2025-08-01T17:29:02.903391",
  "stage": "G1",
  "particles": 52330,
  "score": 0.0,
  "sqi_enabled": true
}