{
  "fields": {
    "gravity": 3.8642942218215968,
    "magnetism": 4568.797219883603,
    "wave_frequency": 2.0999999999999996,
    "field_pressure": 1.0
  },
  "glyphs": [],
  "timestamp": "2025-08-01T20:27:40.959203",
  "stage": "G1",
  "particles": 8177,
  "score": 0.0,
  "sqi_enabled": true
}