{
  "fields": {
    "gravity": 1.5988234681938867,
    "magnetism": 3.825934262256899e+49,
    "wave_frequency": 2.0999999999999996,
    "field_pressure": 1.0
  },
  "glyphs": [],
  "timestamp": "2025-08-01T20:29:32.969818",
  "stage": "G1",
  "particles": 64718,
  "score": 0.0,
  "sqi_enabled": true
}