{
  "fields": {
    "gravity": 3.7783173935951226,
    "magnetism": 67708.25189858064,
    "wave_frequency": 2.0999999999999996,
    "field_pressure": 1.0
  },
  "glyphs": [],
  "timestamp": "2025-08-01T20:28:42.898056",
  "stage": "G1",
  "particles": 9829,
  "score": 0.0,
  "sqi_enabled": true
}