{
  "fields": {
    "gravity": 1.2233207843791716,
    "magnetism": 1.820275202553181e+21,
    "wave_frequency": 2.5,
    "field_pressure": 1.0
  },
  "glyphs": [],
  "timestamp": "2025-08-01T17:28:43.933526",
  "stage": "G1",
  "particles": 29959,
  "score": 0.0,
  "sqi_enabled": true
}