{
  "fields": {
    "gravity": 0.7858915949316244,
    "magnetism": 1.934868766825434e+44,
    "wave_frequency": 2.5,
    "field_pressure": 1.0
  },
  "glyphs": [],
  "timestamp": "2025-08-01T18:05:33.645580",
  "stage": "G1",
  "particles": 57806,
  "score": 0.0,
  "sqi_enabled": true
}