{
  "fields": {
    "gravity": 1.1821341058697408,
    "magnetism": 6.636704749796699,
    "wave_frequency": 1.0,
    "field_pressure": 1.0
  },
  "glyphs": [],
  "timestamp": "2025-08-01T17:18:57.967824",
  "stage": "G1",
  "particles": 1297,
  "score": 0.0,
  "sqi_enabled": true
}