{
  "fields": {
    "gravity": 0.5999315035357881,
    "magnetism": 2.171341508721853e+58,
    "wave_frequency": 2.5,
    "field_pressure": 1.0
  },
  "glyphs": [],
  "timestamp": "2025-08-01T17:29:25.163778",
  "stage": "G1",
  "particles": 74745,
  "score": 0.0,
  "sqi_enabled": true
}