{
  "fields": {
    "gravity": 0.6402228382002907,
    "magnetism": 9.001238759651226e+54,
    "wave_frequency": 2.5,
    "field_pressure": 1.0
  },
  "glyphs": [],
  "timestamp": "2025-08-01T18:05:46.908255",
  "stage": "G1",
  "particles": 70629,
  "score": 0.0,
  "sqi_enabled": true
}