{
  "fields": {
    "gravity": 0.6338524352897112,
    "magnetism": 2.983152737145356e+55,
    "wave_frequency": 2.5,
    "field_pressure": 1.0
  },
  "glyphs": [],
  "timestamp": "2025-08-01T18:05:47.517624",
  "stage": "G1",
  "particles": 71254,
  "score": 0.0,
  "sqi_enabled": true
}