{
  "fields": {
    "gravity": 2.682567867343561,
    "magnetism": 4.502191679219048e+22,
    "wave_frequency": 2.0999999999999996,
    "field_pressure": 1.0
  },
  "glyphs": [],
  "timestamp": "2025-08-01T20:27:57.956348",
  "stage": "G1",
  "particles": 31446,
  "score": 0.0,
  "sqi_enabled": true
}