{
  "fields": {
    "gravity": 0.747562742331948,
    "magnetism": 7.73601948606028e+46,
    "wave_frequency": 2.5,
    "field_pressure": 1.0
  },
  "glyphs": [],
  "timestamp": "2025-08-01T18:05:36.926532",
  "stage": "G1",
  "particles": 60933,
  "score": 0.0,
  "sqi_enabled": true
}