{
  "fields": {
    "gravity": 1.762563432536336,
    "magnetism": 3.2292281078613432e+44,
    "wave_frequency": 2.0999999999999996,
    "field_pressure": 1.0
  },
  "glyphs": [],
  "timestamp": "2025-08-01T20:28:20.968118",
  "stage": "G1",
  "particles": 58220,
  "score": 0.0,
  "sqi_enabled": true
}