{
  "fields": {
    "gravity": 1.2637323458510497,
    "magnetism": 3.706159673628275e+19,
    "wave_frequency": 2.5,
    "field_pressure": 1.0
  },
  "glyphs": [],
  "timestamp": "2025-08-01T17:27:40.936687",
  "stage": "G1",
  "particles": 27703,
  "score": 0.0,
  "sqi_enabled": true
}