{
  "fields": {
    "gravity": 2.2973873849547184,
    "magnetism": 5.238521221332125e+30,
    "wave_frequency": 2.0999999999999996,
    "field_pressure": 1.0
  },
  "glyphs": [],
  "timestamp": "2025-08-01T20:28:05.991362",
  "stage": "G1",
  "particles": 41330,
  "score": 0.0,
  "sqi_enabled": true
}