{
  "fields": {
    "gravity": 2.6294488072520115,
    "magnetism": 4.945046699847634e+23,
    "wave_frequency": 2.0999999999999996,
    "field_pressure": 1.0
  },
  "glyphs": [],
  "timestamp": "2025-08-01T20:27:58.958533",
  "stage": "G1",
  "particles": 32720,
  "score": 0.0,
  "sqi_enabled": true
}