{
  "fields": {
    "gravity": 1.64308044957953,
    "magnetism": 811199.0097580431,
    "wave_frequency": 2.5,
    "field_pressure": 1.0
  },
  "glyphs": [],
  "timestamp": "2025-08-01T17:28:29.950573",
  "stage": "G1",
  "particles": 11491,
  "score": 0.0,
  "sqi_enabled": true
}