{
  "fields": {
    "gravity": 3.3426945902721537,
    "magnetism": 160403337846.74454,
    "wave_frequency": 2.0999999999999996,
    "field_pressure": 1.0
  },
  "glyphs": [],
  "timestamp": "2025-08-01T20:28:48.962006",
  "stage": "G1",
  "particles": 17636,
  "score": 0.0,
  "sqi_enabled": true
}