{
  "fields": {
    "gravity": 1.987287701873712,
    "magnetism": 1.8391630200302227e+38,
    "wave_frequency": 2.0999999999999996,
    "field_pressure": 1.0
  },
  "glyphs": [],
  "timestamp": "2025-08-01T20:28:13.894792",
  "stage": "G1",
  "particles": 50572,
  "score": 0.0,
  "sqi_enabled": true
}