{
  "fields": {
    "gravity": 0.9385358755466704,
    "magnetism": 1.1220883909358301e+35,
    "wave_frequency": 2.5,
    "field_pressure": 1.0
  },
  "glyphs": [],
  "timestamp": "2025-08-01T17:28:57.932644",
  "stage": "G1",
  "particles": 46546,
  "score": 0.0,
  "sqi_enabled": true
}