{
  "fields": {
    "gravity": 1.4319985903257597,
    "magnetism": 11594686862247.246,
    "wave_frequency": 2.5,
    "field_pressure": 1.0
  },
  "glyphs": [],
  "timestamp": "2025-08-01T17:28:35.791305",
  "stage": "G1",
  "particles": 20098,
  "score": 0.0,
  "sqi_enabled": true
}