{
  "fields": {
    "gravity": 3.7688832797401615,
    "magnetism": 91355.54299771143,
    "wave_frequency": 2.0999999999999996,
    "field_pressure": 1.0
  },
  "glyphs": [],
  "timestamp": "2025-08-01T20:27:41.995865",
  "stage": "G1",
  "particles": 9770,
  "score": 0.0,
  "sqi_enabled": true
}