{
  "fields": {
    "gravity": 3.032162394428713,
    "magnetism": 1.9004313277040948e+16,
    "wave_frequency": 2.0999999999999996,
    "field_pressure": 1.0
  },
  "glyphs": [],
  "timestamp": "2025-08-01T20:28:53.983304",
  "stage": "G1",
  "particles": 23850,
  "score": 0.0,
  "sqi_enabled": true
}