{
  "fields": {
    "gravity": 2.131384183757534,
    "magnetism": 4.18801056736551e+34,
    "wave_frequency": 2.0999999999999996,
    "field_pressure": 1.0
  },
  "glyphs": [],
  "timestamp": "2025-08-01T20:28:09.887635",
  "stage": "G1",
  "particles": 46110,
  "score": 0.0,
  "sqi_enabled": true
}