{
  "fields": {
    "gravity": 3.5582826491539548,
    "magnetism": 89718261.65312302,
    "wave_frequency": 2.0999999999999996,
    "field_pressure": 1.0
  },
  "glyphs": [],
  "timestamp": "2025-08-01T20:28:45.913082",
  "stage": "G1",
  "particles": 13653,
  "score": 0.0,
  "sqi_enabled": true
}