{
  "fields": {
    "gravity": 1.1694909314905484,
    "magnetism": 3.9977578941376925e+23,
    "wave_frequency": 2.5,
    "field_pressure": 1.0
  },
  "glyphs": [],
  "timestamp": "2025-08-01T17:27:44.976378",
  "stage": "G1",
  "particles": 32549,
  "score": 0.0,
  "sqi_enabled": true
}