{
  "fields": {
    "gravity": 0.711103232719372,
    "magnetism": 3.093026179077476e+49,
    "wave_frequency": 2.5,
    "field_pressure": 1.0
  },
  "glyphs": [],
  "timestamp": "2025-08-01T18:05:39.997534",
  "stage": "G1",
  "particles": 64060,
  "score": 0.0,
  "sqi_enabled": true
}