{
  "fields": {
    "gravity": 2.3467298910180343,
    "magnetism": 4.105968755115884e+29,
    "wave_frequency": 2.0999999999999996,
    "field_pressure": 1.0
  },
  "glyphs": [],
  "timestamp": "2025-08-01T20:28:04.999530",
  "stage": "G1",
  "particles": 39979,
  "score": 0.0,
  "sqi_enabled": true
}