{
  "fields": {
    "gravity": 1.4575644679118296,
    "magnetism": 2.4899445703074017e+54,
    "wave_frequency": 2.0999999999999996,
    "field_pressure": 1.0
  },
  "glyphs": [],
  "timestamp": "2025-08-01T20:28:32.988961",
  "stage": "G1",
  "particles": 70329,
  "score": 0.0,
  "sqi_enabled": true
}