{
  "fields": {
    "gravity": 0.6120510768468311,
    "magnetism": 1.9768864212367646e+57,
    "wave_frequency": 2.5,
    "field_pressure": 1.0
  },
  "glyphs": [],
  "timestamp": "2025-08-01T17:29:23.920248",
  "stage": "G1",
  "particles": 73471,
  "score": 0.0,
  "sqi_enabled": true
}