{
  "fields": {
    "gravity": 0.9574957972738934,
    "magnetism": 1.0215994557089304e+34,
    "wave_frequency": 2.5,
    "field_pressure": 1.0
  },
  "glyphs": [],
  "timestamp": "2025-08-01T17:28:56.628038",
  "stage": "G1",
  "particles": 45295,
  "score": 0.0,
  "sqi_enabled": true
}