{
  "fields": {
    "gravity": 0.6029387103957818,
    "magnetism": 1.1927283183300562e+58,
    "wave_frequency": 2.5,
    "field_pressure": 1.0
  },
  "glyphs": [],
  "timestamp": "2025-08-01T17:29:24.853637",
  "stage": "G1",
  "particles": 74427,
  "score": 0.0,
  "sqi_enabled": true
}