{
  "fields": {
    "gravity": 3.148028850659533,
    "magnetism": 212545860089916.16,
    "wave_frequency": 2.0999999999999996,
    "field_pressure": 1.0
  },
  "glyphs": [],
  "timestamp": "2025-08-01T20:27:49.937195",
  "stage": "G1",
  "particles": 21242,
  "score": 0.0,
  "sqi_enabled": true
}