{
  "fields": {
    "gravity": 4.042161688663664,
    "magnetism": 20.80283124959437,
    "wave_frequency": 2.0999999999999996,
    "field_pressure": 1.0
  },
  "glyphs": [],
  "timestamp": "2025-08-01T20:27:38.960194",
  "stage": "G1",
  "particles": 5309,
  "score": 0.0,
  "sqi_enabled": true
}