{
  "fields": {
    "gravity": 1.8204324525951723,
    "magnetism": 3.760988696122067,
    "wave_frequency": 2.5,
    "field_pressure": 1.0
  },
  "glyphs": [],
  "timestamp": "2025-08-01T18:04:47.934538",
  "stage": "G1",
  "particles": 5272,
  "score": 0.0,
  "sqi_enabled": true
}