{
  "fields": {
    "gravity": 1.8227094444468637,
    "magnetism": 3.2378399486027383,
    "wave_frequency": 2.5,
    "field_pressure": 1.0
  },
  "glyphs": [],
  "timestamp": "2025-08-01T17:25:26.244198",
  "stage": "G1",
  "particles": 5001,
  "score": 0.0,
  "sqi_enabled": true
}