{
  "fields": {
    "gravity": 0.7057898421776325,
    "magnetism": 7.597373926411887e+49,
    "wave_frequency": 2.5,
    "field_pressure": 1.0
  },
  "glyphs": [],
  "timestamp": "2025-08-01T17:28:12.859690",
  "stage": "G1",
  "particles": 64141,
  "score": 0.0,
  "sqi_enabled": true
}