{
  "fields": {
    "gravity": 2.6892827610682426,
    "magnetism": 3.336803857866551e+22,
    "wave_frequency": 2.0999999999999996,
    "field_pressure": 1.0
  },
  "glyphs": [],
  "timestamp": "2025-08-01T20:29:00.948330",
  "stage": "G1",
  "particles": 31516,
  "score": 0.0,
  "sqi_enabled": true
}