{
  "fields": {
    "gravity": 1.8250349102263896,
    "magnetism": 2.779123157483498,
    "wave_frequency": 2.5,
    "field_pressure": 1.0
  },
  "glyphs": [],
  "timestamp": "2025-08-01T17:23:14.758824",
  "stage": "G1",
  "particles": 4368,
  "score": 0.0,
  "sqi_enabled": true
}