{
  "fields": {
    "gravity": 0.7957770186169305,
    "magnetism": 4.3269811571324436e+43,
    "wave_frequency": 2.5,
    "field_pressure": 1.0
  },
  "glyphs": [],
  "timestamp": "2025-08-01T18:05:32.887972",
  "stage": "G1",
  "particles": 57025,
  "score": 0.0,
  "sqi_enabled": true
}