{
  "fields": {
    "gravity": 4.032068779673102,
    "magnetism": 28.068276634037446,
    "wave_frequency": 2.0999999999999996,
    "field_pressure": 1.0
  },
  "glyphs": [],
  "timestamp": "2025-08-01T20:28:39.914040",
  "stage": "G1",
  "particles": 5680,
  "score": 0.0,
  "sqi_enabled": true
}