{
  "fields": {
    "gravity": 0.6597207737635322,
    "magnetism": 2.4727639300887874e+53,
    "wave_frequency": 2.5,
    "field_pressure": 1.0
  },
  "glyphs": [],
  "timestamp": "2025-08-01T17:29:18.988622",
  "stage": "G1",
  "particles": 68706,
  "score": 0.0,
  "sqi_enabled": true
}