{
  "fields": {
    "gravity": 2.9572971139946653,
    "magnetism": 3.800014041259914e+17,
    "wave_frequency": 2.0999999999999996,
    "field_pressure": 1.0
  },
  "glyphs": [],
  "timestamp": "2025-08-01T20:27:52.984513",
  "stage": "G1",
  "particles": 25226,
  "score": 0.0,
  "sqi_enabled": true
}