{
  "fields": {
    "gravity": 2.11545839964953,
    "magnetism": 1.0286974776763829e+35,
    "wave_frequency": 2.0999999999999996,
    "field_pressure": 1.0
  },
  "glyphs": [],
  "timestamp": "2025-08-01T20:29:14.931397",
  "stage": "G1",
  "particles": 46872,
  "score": 0.0,
  "sqi_enabled": true
}