{
  "fields": {
    "gravity": 2.3911467383479845,
    "magnetism": 4.342260509098282e+28,
    "wave_frequency": 2.0999999999999996,
    "field_pressure": 1.0
  },
  "glyphs": [],
  "timestamp": "2025-08-01T20:28:03.768099",
  "stage": "G1",
  "particles": 38781,
  "score": 0.0,
  "sqi_enabled": true
}