{
  "fields": {
    "gravity": 1.9272139203585041,
    "magnetism": 29.676932412466694,
    "wave_frequency": 1.0,
    "field_pressure": 1.0
  },
  "glyphs": [],
  "timestamp": "2025-08-01T18:05:50.965834",
  "stage": "G1",
  "particles": 2430,
  "score": 0.0,
  "sqi_enabled": true
}