{
  "fields": {
    "gravity": 0.7291051246101673,
    "magnetism": 1.5468584548121366e+48,
    "wave_frequency": 2.5,
    "field_pressure": 1.0
  },
  "glyphs": [],
  "timestamp": "2025-08-01T17:28:10.917657",
  "stage": "G1",
  "particles": 62108,
  "score": 0.0,
  "sqi_enabled": true
}