{
  "fields": {
    "gravity": 3.9621205339724153,
    "magnetism": 228.4908758841159,
    "wave_frequency": 2.0999999999999996,
    "field_pressure": 1.0
  },
  "glyphs": [],
  "timestamp": "2025-08-01T20:27:39.933414",
  "stage": "G1",
  "particles": 6584,
  "score": 0.0,
  "sqi_enabled": true
}