{
  "fields": {
    "gravity": 2.5517358937747434,
    "magnetism": 1.8000726022138123e+25,
    "wave_frequency": 2.0999999999999996,
    "field_pressure": 1.0
  },
  "glyphs": [],
  "timestamp": "2025-08-01T20:29:03.861411",
  "stage": "G1",
  "particles": 34868,
  "score": 0.0,
  "sqi_enabled": true
}