{
  "fields": {
    "gravity": 1.214180084708356,
    "magnetism": 4.4711265156172575e+21,
    "wave_frequency": 2.5,
    "field_pressure": 1.0
  },
  "glyphs": [],
  "timestamp": "2025-08-01T17:27:42.902574",
  "stage": "G1",
  "particles": 30204,
  "score": 0.0,
  "sqi_enabled": true
}