{
  "fields": {
    "gravity": 1.2668956687634485,
    "magnetism": 2.7468239421955047e+19,
    "wave_frequency": 2.5,
    "field_pressure": 1.0
  },
  "glyphs": [],
  "timestamp": "2025-08-01T17:28:41.933384",
  "stage": "G1",
  "particles": 27765,
  "score": 0.0,
  "sqi_enabled": true
}