{
  "fields": {
    "gravity": 0.8407713184340845,
    "magnetism": 5.944733074289296e+40,
    "wave_frequency": 2.5,
    "field_pressure": 1.0
  },
  "glyphs": [],
  "timestamp": "2025-08-01T17:29:03.875801",
  "stage": "G1",
  "particles": 53424,
  "score": 0.0,
  "sqi_enabled": true
}