{
  "fields": {
    "gravity": 1.4358638908520416,
    "magnetism": 1.5022751778626907e+55,
    "wave_frequency": 2.0999999999999996,
    "field_pressure": 1.0
  },
  "glyphs": [],
  "timestamp": "2025-08-01T20:28:33.896650",
  "stage": "G1",
  "particles": 71285,
  "score": 0.0,
  "sqi_enabled": true
}