{
  "fields": {
    "gravity": 1.4722134183800915,
    "magnetism": 7.513053319918573e+53,
    "wave_frequency": 2.0999999999999996,
    "field_pressure": 1.0
  },
  "glyphs": [],
  "timestamp": "2025-08-01T20:29:38.856435",
  "stage": "G1",
  "particles": 69988,
  "score": 0.0,
  "sqi_enabled": true
}