{
  "fields": {
    "gravity": 1.1463331729031065,
    "magnetism": 4.39099462878146e+24,
    "wave_frequency": 2.5,
    "field_pressure": 1.0
  },
  "glyphs": [],
  "timestamp": "2025-08-01T17:27:45.966775",
  "stage": "G1",
  "particles": 33800,
  "score": 0.0,
  "sqi_enabled": true
}