{
  "fields": {
    "gravity": 0.8057867871890723,
    "magnetism": 9.6765042958949e+42,
    "wave_frequency": 2.5,
    "field_pressure": 1.0
  },
  "glyphs": [],
  "timestamp": "2025-08-01T17:28:04.871980",
  "stage": "G1",
  "particles": 55852,
  "score": 0.0,
  "sqi_enabled": true
}