{
  "fields": {
    "gravity": 0.7419769249404651,
    "magnetism": 1.9001918941125263e+47,
    "wave_frequency": 2.5,
    "field_pressure": 1.0
  },
  "glyphs": [],
  "timestamp": "2025-08-01T17:28:09.891314",
  "stage": "G1",
  "particles": 61014,
  "score": 0.0,
  "sqi_enabled": true
}