{
  "fields": {
    "gravity": 1.410954553804915,
    "magnetism": 1.2229328351159162e+56,
    "wave_frequency": 2.0999999999999996,
    "field_pressure": 1.0
  },
  "glyphs": [],
  "timestamp": "2025-08-01T20:28:34.958477",
  "stage": "G1",
  "particles": 72400,
  "score": 0.0,
  "sqi_enabled": true
}