{
  "fields": {
    "gravity": 1.56685779458058,
    "magnetism": 240381007.25051743,
    "wave_frequency": 2.5,
    "field_pressure": 1.0
  },
  "glyphs": [],
  "timestamp": "2025-08-01T17:28:31.896993",
  "stage": "G1",
  "particles": 14464,
  "score": 0.0,
  "sqi_enabled": true
}