{
  "fields": {
    "gravity": 1.5789623173798355,
    "magnetism": 1.7108187993298433e+50,
    "wave_frequency": 2.0999999999999996,
    "field_pressure": 1.0
  },
  "glyphs": [],
  "timestamp": "2025-08-01T20:28:27.878849",
  "stage": "G1",
  "particles": 65230,
  "score": 0.0,
  "sqi_enabled": true
}