{
  "fields": {
    "gravity": 2.169012161828802,
    "magnetism": 5.144636025234799e+33,
    "wave_frequency": 2.0999999999999996,
    "field_pressure": 1.0
  },
  "glyphs": [],
  "timestamp": "2025-08-01T20:28:08.955500",
  "stage": "G1",
  "particles": 44995,
  "score": 0.0,
  "sqi_enabled": true
}