{
  "fields": {
    "gravity": 0.8220649655858598,
    "magnetism": 8.809922285718308e+41,
    "wave_frequency": 2.5,
    "field_pressure": 1.0
  },
  "glyphs": [],
  "timestamp": "2025-08-01T18:05:30.995056",
  "stage": "G1",
  "particles": 54992,
  "score": 0.0,
  "sqi_enabled": true
}