{
  "fields": {
    "gravity": 2.2183687316010396,
    "magnetism": 3.471482147347906e+32,
    "wave_frequency": 2.0999999999999996,
    "field_pressure": 1.0
  },
  "glyphs": [],
  "timestamp": "2025-08-01T20:29:11.925887",
  "stage": "G1",
  "particles": 43833,
  "score": 0.0,
  "sqi_enabled": true
}