{
  "fields": {
    "gravity": 1.9152062463289452,
    "magnetism": 62.75556771063727,
    "wave_frequency": 1.0,
    "field_pressure": 1.0
  },
  "glyphs": [],
  "timestamp": "2025-08-01T18:05:56.841877",
  "stage": "G1",
  "particles": 2994,
  "score": 0.0,
  "sqi_enabled": true
}