{
  "fields": {
    "gravity": 1.5515705117923333,
    "magnetism": 1.3926985651261838e+51,
    "wave_frequency": 2.0999999999999996,
    "field_pressure": 1.0
  },
  "glyphs": [],
  "timestamp": "2025-08-01T20:28:28.970916",
  "stage": "G1",
  "particles": 66346,
  "score": 0.0,
  "sqi_enabled": true
}