{
  "fields": {
    "gravity": 1.8162421615400197,
    "magnetism": 8.871133185514788e+42,
    "wave_frequency": 2.0999999999999996,
    "field_pressure": 1.0
  },
  "glyphs": [],
  "timestamp": "2025-08-01T20:28:18.985638",
  "stage": "G1",
  "particles": 56308,
  "score": 0.0,
  "sqi_enabled": true
}