{
  "fields": {
    "gravity": 0.799765917508399,
    "magnetism": 2.376831529384962e+43,
    "wave_frequency": 2.5,
    "field_pressure": 1.0
  },
  "glyphs": [],
  "timestamp": "2025-08-01T17:29:06.936751",
  "stage": "G1",
  "particles": 56551,
  "score": 0.0,
  "sqi_enabled": true
}