{
  "fields": {
    "gravity": 1.8299153590641726,
    "magnetism": 3.611596249789832e+42,
    "wave_frequency": 2.0999999999999996,
    "field_pressure": 1.0
  },
  "glyphs": [],
  "timestamp": "2025-08-01T20:29:23.956969",
  "stage": "G1",
  "particles": 56114,
  "score": 0.0,
  "sqi_enabled": true
}