{
  "fields": {
    "gravity": 1.49073181645145,
    "magnetism": 1.6801573680450009e+53,
    "wave_frequency": 2.0999999999999996,
    "field_pressure": 1.0
  },
  "glyphs": [],
  "timestamp": "2025-08-01T20:29:37.998412",
  "stage": "G1",
  "particles": 69185,
  "score": 0.0,
  "sqi_enabled": true
}