{
  "fields": {
    "gravity": 2.723110199450576,
    "magnetism": 7.462153333388331e+21,
    "wave_frequency": 2.0999999999999996,
    "field_pressure": 1.0
  },
  "glyphs": [],
  "timestamp": "2025-08-01T20:27:56.994328",
  "stage": "G1",
  "particles": 30490,
  "score": 0.0,
  "sqi_enabled": true
}