{
  "fields": {
    "gravity": 1.0931546703079351,
    "magnetism": 1.3011748029782828e+27,
    "wave_frequency": 2.5,
    "field_pressure": 1.0
  },
  "glyphs": [],
  "timestamp": "2025-08-01T17:28:49.946770",
  "stage": "G1",
  "particles": 36997,
  "score": 0.0,
  "sqi_enabled": true
}