{
  "fields": {
    "gravity": 2.4212240400455123,
    "magnetism": 9.710673780245948e+27,
    "wave_frequency": 2.0999999999999996,
    "field_pressure": 1.0
  },
  "glyphs": [],
  "timestamp": "2025-08-01T20:29:06.822480",
  "stage": "G1",
  "particles": 38244,
  "score": 0.0,
  "sqi_enabled": true
}