{
  "fields": {
    "gravity": 1.1753531026403434,
    "magnetism": 2.1959876099694452e+23,
    "wave_frequency": 2.5,
    "field_pressure": 1.0
  },
  "glyphs": [],
  "timestamp": "2025-08-01T17:28:45.950967",
  "stage": "G1",
  "particles": 32464,
  "score": 0.0,
  "sqi_enabled": true
}