{
  "fields": {
    "gravity": 0.9199513900698504,
    "magnetism": 1.2324618518901118e+36,
    "wave_frequency": 2.5,
    "field_pressure": 1.0
  },
  "glyphs": [],
  "timestamp": "2025-08-01T17:28:58.977932",
  "stage": "G1",
  "particles": 47796,
  "score": 0.0,
  "sqi_enabled": true
}