{
  "fields": {
    "gravity": 1.4036427674977447,
    "magnetism": 127351903448650.8,
    "wave_frequency": 2.5,
    "field_pressure": 1.0
  },
  "glyphs": [],
  "timestamp": "2025-08-01T17:28:36.908713",
  "stage": "G1",
  "particles": 21349,
  "score": 0.0,
  "sqi_enabled": true
}