{
  "fields": {
    "gravity": 2.577381588040007,
    "magnetism": 5.43146285320212e+24,
    "wave_frequency": 2.0999999999999996,
    "field_pressure": 1.0
  },
  "glyphs": [],
  "timestamp": "2025-08-01T20:27:59.965497",
  "stage": "G1",
  "particles": 33995,
  "score": 0.0,
  "sqi_enabled": true
}