{
  "fields": {
    "gravity": 1.389947916570843,
    "magnetism": 7.378403777723748e+56,
    "wave_frequency": 2.0999999999999996,
    "field_pressure": 1.0
  },
  "glyphs": [],
  "timestamp": "2025-08-01T20:28:35.882457",
  "stage": "G1",
  "particles": 73356,
  "score": 0.0,
  "sqi_enabled": true
}