{
  "fields": {
    "gravity": 1.5551501732354545,
    "magnetism": 590445825.9174529,
    "wave_frequency": 2.5,
    "field_pressure": 1.0
  },
  "glyphs": [],
  "timestamp": "2025-08-01T18:04:56.982680",
  "stage": "G1",
  "particles": 15124,
  "score": 0.0,
  "sqi_enabled": true
}