{
  "fields": {
    "gravity": 1.5358315475437647,
    "magnetism": 2640259214.410904,
    "wave_frequency": 2.5,
    "field_pressure": 1.0
  },
  "glyphs": [],
  "timestamp": "2025-08-01T17:27:31.962944",
  "stage": "G1",
  "particles": 15509,
  "score": 0.0,
  "sqi_enabled": true
}