{
  "fields": {
    "gravity": 1.8809370013674394,
    "magnetism": 1.3386679659316644e+41,
    "wave_frequency": 2.0999999999999996,
    "field_pressure": 1.0
  },
  "glyphs": [],
  "timestamp": "2025-08-01T20:28:16.979073",
  "stage": "G1",
  "particles": 54077,
  "score": 0.0,
  "sqi_enabled": true
}