{
  "fields": {
    "gravity": 1.590538115904663,
    "magnetism": 39841927.27327065,
    "wave_frequency": 2.5,
    "field_pressure": 1.0
  },
  "glyphs": [],
  "timestamp": "2025-08-01T18:04:55.762118",
  "stage": "G1",
  "particles": 13717,
  "score": 0.0,
  "sqi_enabled": true
}