{
  "fields": {
    "gravity": 3.1559088672032867,
    "magnetism": 157528576403174.97,
    "wave_frequency": 2.0999999999999996,
    "field_pressure": 1.0
  },
  "glyphs": [],
  "timestamp": "2025-08-01T20:28:51.950366",
  "stage": "G1",
  "particles": 21301,
  "score": 0.0,
  "sqi_enabled": true
}