{
  "fields": {
    "gravity": 1.0091079361645245,
    "magnetism": 1.8937441749913466e+31,
    "wave_frequency": 2.5,
    "field_pressure": 1.0
  },
  "glyphs": [],
  "timestamp": "2025-08-01T17:28:53.888163",
  "stage": "G1",
  "particles": 42006,
  "score": 0.0,
  "sqi_enabled": true
}