{
  "fields": {
    "gravity": 3.8546454316697867,
    "magnetism": 6164.462073162021,
    "wave_frequency": 2.0999999999999996,
    "field_pressure": 1.0
  },
  "glyphs": [],
  "timestamp": "2025-08-01T20:28:41.974072",
  "stage": "G1",
  "particles": 8554,
  "score": 0.0,
  "sqi_enabled": true
}