{
  "fields": {
    "gravity": 0.7550759671843787,
    "magnetism": 2.3342337647108543e+46,
    "wave_frequency": 2.5,
    "field_pressure": 1.0
  },
  "glyphs": [],
  "timestamp": "2025-08-01T17:28:08.873140",
  "stage": "G1",
  "particles": 59920,
  "score": 0.0,
  "sqi_enabled": true
}