{
  "fields": {
    "gravity": 1.7319865186047918,
    "magnetism": 2.6287654508153146e+45,
    "wave_frequency": 2.0999999999999996,
    "field_pressure": 1.0
  },
  "glyphs": [],
  "timestamp": "2025-08-01T20:28:21.992806",
  "stage": "G1",
  "particles": 59335,
  "score": 0.0,
  "sqi_enabled": true
}