{
  "fields": {
    "gravity": 2.337946024171942,
    "magnetism": 6.435104343868799e+29,
    "wave_frequency": 2.0999999999999996,
    "field_pressure": 1.0
  },
  "glyphs": [],
  "timestamp": "2025-08-01T20:29:08.974857",
  "stage": "G1",
  "particles": 40475,
  "score": 0.0,
  "sqi_enabled": true
}