{
  "fields": {
    "gravity": 1.7062002787910933,
    "magnetism": 1.5860309230479485e+46,
    "wave_frequency": 2.0999999999999996,
    "field_pressure": 1.0
  },
  "glyphs": [],
  "timestamp": "2025-08-01T20:28:22.877625",
  "stage": "G1",
  "particles": 60291,
  "score": 0.0,
  "sqi_enabled": true
}