{
  "fields": {
    "gravity": 0.8344890429984209,
    "magnetism": 1.4601997346027817e+41,
    "wave_frequency": 2.5,
    "field_pressure": 1.0
  },
  "glyphs": [],
  "timestamp": "2025-08-01T17:28:02.924138",
  "stage": "G1",
  "particles": 53663,
  "score": 0.0,
  "sqi_enabled": true
}