{
  "fields": {
    "gravity": 0.6531563607395184,
    "magnetism": 8.195130340753785e+53,
    "wave_frequency": 2.5,
    "field_pressure": 1.0
  },
  "glyphs": [],
  "timestamp": "2025-08-01T17:28:17.874646",
  "stage": "G1",
  "particles": 68987,
  "score": 0.0,
  "sqi_enabled": true
}