{
  "fields": {
    "gravity": 0.69181409397941,
    "magnetism": 8.34468444240659e+50,
    "wave_frequency": 2.5,
    "field_pressure": 1.0
  },
  "glyphs": [],
  "timestamp": "2025-08-01T18:05:41.998136",
  "stage": "G1",
  "particles": 65779,
  "score": 0.0,
  "sqi_enabled": true
}