{
  "fields": {
    "gravity": 0.9817352255809487,
    "magnetism": 5.1091379897927876e+32,
    "wave_frequency": 2.5,
    "field_pressure": 1.0
  },
  "glyphs": [],
  "timestamp": "2025-08-01T18:05:20.871319",
  "stage": "G1",
  "particles": 43893,
  "score": 0.0,
  "sqi_enabled": true
}