{
  "fields": {
    "gravity": 1.914143523579745,
    "magnetism": 1.6444465295826832e+40,
    "wave_frequency": 2.0999999999999996,
    "field_pressure": 1.0
  },
  "glyphs": [],
  "timestamp": "2025-08-01T20:29:20.921891",
  "stage": "G1",
  "particles": 53246,
  "score": 0.0,
  "sqi_enabled": true
}