{
  "fields": {
    "gravity": 1.3185993211373837,
    "magnetism": 2.276868724148859e+17,
    "wave_frequency": 2.5,
    "field_pressure": 1.0
  },
  "glyphs": [],
  "timestamp": "2025-08-01T17:28:39.992462",
  "stage": "G1",
  "particles": 25260,
  "score": 0.0,
  "sqi_enabled": true
}