{
  "fields": {
    "gravity": 1.5243557555026892,
    "magnetism": 6485246277.649328,
    "wave_frequency": 2.5,
    "field_pressure": 1.0
  },
  "glyphs": [],
  "timestamp": "2025-08-01T18:04:57.891874",
  "stage": "G1",
  "particles": 16375,
  "score": 0.0,
  "sqi_enabled": true
}