{
  "fields": {
    "gravity": 0.6498986891805377,
    "magnetism": 1.4919094654496525e+54,
    "wave_frequency": 2.5,
    "field_pressure": 1.0
  },
  "glyphs": [],
  "timestamp": "2025-08-01T18:05:45.998237",
  "stage": "G1",
  "particles": 69688,
  "score": 0.0,
  "sqi_enabled": true
}