{
  "fields": {
    "gravity": 3.942359128966484,
    "magnetism": 415.9637325170836,
    "wave_frequency": 2.0999999999999996,
    "field_pressure": 1.0
  },
  "glyphs": [],
  "timestamp": "2025-08-01T20:28:40.943123",
  "stage": "G1",
  "particles": 7120,
  "score": 0.0,
  "sqi_enabled": true
}