{
  "fields": {
    "gravity": 2.0426971948737243,
    "magnetism": 6.817009567954504e+36,
    "wave_frequency": 2.0999999999999996,
    "field_pressure": 1.0
  },
  "glyphs": [],
  "timestamp": "2025-08-01T20:29:16.983320",
  "stage": "G1",
  "particles": 49103,
  "score": 0.0,
  "sqi_enabled": true
}