{
  "fields": {
    "gravity": 0.8492213168183892,
    "magnetism": 1.793738587293328e+40,
    "wave_frequency": 2.5,
    "field_pressure": 1.0
  },
  "glyphs": [],
  "timestamp": "2025-08-01T17:28:01.962713",
  "stage": "G1",
  "particles": 52569,
  "score": 0.0,
  "sqi_enabled": true
}