{
  "fields": {
    "gravity": 2.1420679253195365,
    "magnetism": 2.300494317037554e+34,
    "wave_frequency": 2.0999999999999996,
    "field_pressure": 1.0
  },
  "glyphs": [],
  "timestamp": "2025-08-01T20:29:13.945042",
  "stage": "G1",
  "particles": 46076,
  "score": 0.0,
  "sqi_enabled": true
}