{
  "fields": {
    "gravity": 0.9153630561589897,
    "magnetism": 2.243675727153034e+36,
    "wave_frequency": 2.5,
    "field_pressure": 1.0
  },
  "glyphs": [],
  "timestamp": "2025-08-01T17:27:57.906664",
  "stage": "G1",
  "particles": 47876,
  "score": 0.0,
  "sqi_enabled": true
}