{
  "fields": {
    "gravity": 2.596784863822628,
    "magnetism": 2.2112452221468078e+24,
    "wave_frequency": 2.0999999999999996,
    "field_pressure": 1.0
  },
  "glyphs": [],
  "timestamp": "2025-08-01T20:29:02.881892",
  "stage": "G1",
  "particles": 33753,
  "score": 0.0,
  "sqi_enabled": true
}