{
  "fields": {
    "gravity": 0.926877050829965,
    "magnetism": 5.017571610314026e+35,
    "wave_frequency": 2.5,
    "field_pressure": 1.0
  },
  "glyphs": [],
  "timestamp": "2025-08-01T18:05:23.968610",
  "stage": "G1",
  "particles": 47488,
  "score": 0.0,
  "sqi_enabled": true
}