{
  "fields": {
    "gravity": 2.257532356170836,
    "magnetism": 4.26443816913291e+31,
    "wave_frequency": 2.0999999999999996,
    "field_pressure": 1.0
  },
  "glyphs": [],
  "timestamp": "2025-08-01T20:29:10.930420",
  "stage": "G1",
  "particles": 42706,
  "score": 0.0,
  "sqi_enabled": true
}