{
  "fields": {
    "gravity": 1.5574429431355254,
    "magnetism": 2.2942887721174516,
    "wave_frequency": 2.5,
    "field_pressure": 1.0
  },
  "glyphs": [],
  "timestamp": "2025-08-01T17:23:15.733632",
  "stage": "G3",
  "particles": 4821,
  "score": 0.0,
  "sqi_enabled": true
}