{
  "fields": {
    "gravity": 1.528432533870214,
    "magnetism": 2.014865003193055,
    "wave_frequency": 2.475,
    "field_pressure": 1.0
  },
  "glyphs": [],
  "timestamp": "2025-08-01T17:25:23.642780",
  "stage": "G3",
  "particles": 5024,
  "score": 0.0,
  "sqi_enabled": true
}