{
  "fields": {
    "gravity": 1.8295117836481598,
    "magnetism": 2.072126939903092,
    "wave_frequency": 2.5,
    "field_pressure": 1.0
  },
  "glyphs": [],
  "timestamp": "2025-08-01T17:19:03.673211",
  "stage": "G3",
  "particles": 3474,
  "score": 0.0,
  "sqi_enabled": true
}