{
  "fields": {
    "gravity": 1.737502452027976,
    "magnetism": 2.4726998658059665,
    "wave_frequency": 2.5,
    "field_pressure": 1.0
  },
  "glyphs": [],
  "timestamp": "2025-08-01T17:19:00.523148",
  "stage": "G3",
  "particles": 3698,
  "score": 0.0,
  "sqi_enabled": true
}