{
  "fields": {
    "gravity": 1.5283561131987906,
    "magnetism": 2.026972326997242,
    "wave_frequency": 2.475,
    "field_pressure": 1.0
  },
  "glyphs": [],
  "timestamp": "2025-08-01T17:25:26.704345",
  "stage": "G3",
  "particles": 5227,
  "score": 0.0,
  "sqi_enabled": true
}