{
  "fields": {
    "gravity": 1.7277347545211565,
    "magnetism": 2.664984765938539,
    "wave_frequency": 2.5,
    "field_pressure": 1.0
  },
  "glyphs": [],
  "timestamp": "2025-08-01T17:23:13.566139",
  "stage": "G3",
  "particles": 4845,
  "score": 0.0,
  "sqi_enabled": true
}