{
  "fields": {
    "gravity": 1.528814694548806,
    "magnetism": 1.9751561198926584,
    "wave_frequency": 2.5,
    "field_pressure": 1.0
  },
  "glyphs": [],
  "timestamp": "2025-08-01T17:23:12.579976",
  "stage": "G3",
  "particles": 4392,
  "score": 0.0,
  "sqi_enabled": true
}