{
  "fields": {
    "gravity": 1.5570536261999028,
    "magnetism": 2.34041355394704,
    "wave_frequency": 2.475,
    "field_pressure": 1.0
  },
  "glyphs": [],
  "timestamp": "2025-08-01T17:25:24.237227",
  "stage": "G3",
  "particles": 5251,
  "score": 0.0,
  "sqi_enabled": true
}