{
  "fields": {
    "gravity": 3.6706232409488897,
    "magnetism": 2.301106271856458,
    "wave_frequency": 2.0999999999999996,
    "field_pressure": 1.0
  },
  "glyphs": [],
  "timestamp": "2025-08-01T18:07:51.781555",
  "stage": "G4.5",
  "particles": 2943,
  "score": 0.0,
  "sqi_enabled": true
}