{
  "fields": {
    "gravity": 4.133563698508542,
    "magnetism": 2.680922503536584,
    "wave_frequency": 2.0999999999999996,
    "field_pressure": 1.0
  },
  "glyphs": [],
  "timestamp": "2025-08-01T18:05:57.542290",
  "stage": "G4.5",
  "particles": 3447,
  "score": 0.0,
  "sqi_enabled": true
}