{
  "fields": {
    "gravity": 3.6678712712360433,
    "magnetism": 2.5174721033458862,
    "wave_frequency": 2.0999999999999996,
    "field_pressure": 1.0
  },
  "glyphs": [],
  "timestamp": "2025-08-01T18:10:00.183213",
  "stage": "G4.5",
  "particles": 4611,
  "score": 0.0,
  "sqi_enabled": true
}