{
  "fields": {
    "gravity": 4.113420162425665,
    "magnetism": 2.5631278224373992,
    "wave_frequency": 2.0999999999999996,
    "field_pressure": 1.0
  },
  "glyphs": [],
  "timestamp": "2025-08-01T18:07:52.458239",
  "stage": "G4.5",
  "particles": 3396,
  "score": 0.0,
  "sqi_enabled": true
}