{
  "fields": {
    "gravity": 1.622152487993368,
    "magnetism": 8.14053811935971,
    "wave_frequency": 1.2,
    "field_pressure": 1.0
  },
  "glyphs": [],
  "timestamp": "2025-08-01T00:42:12.934104",
  "stage": "wave_focus",
  "particles": 1333,
  "score": 0.0,
  "sqi_enabled": true
}