{
  "fields": {
    "gravity": 1.5821009059463298,
    "magnetism": 162.77441181918363,
    "wave_frequency": 1.2,
    "field_pressure": 1.0
  },
  "glyphs": [],
  "timestamp": "2025-08-01T00:42:14.201743",
  "stage": "wave_focus",
  "particles": 2466,
  "score": 0.0,
  "sqi_enabled": true
}