{
  "fields": {
    "gravity": 2.1565893241094933,
    "magnetism": 2.279064312420926,
    "wave_frequency": 1.2,
    "field_pressure": 1.0
  },
  "glyphs": [],
  "timestamp": "2025-08-01T01:02:16.595667",
  "stage": "wave_focus",
  "particles": 3955,
  "score": 0.0,
  "sqi_enabled": true
}