{
  "timestamp": "2026-01-08T21:46:05.682180+00:00",
  "depth": 200,
  "families": 16,
  "messages": 20000,
  "skew": 1.3,
  "mutate_rate": 0.95,
  "hot_pool": 128,
  "hot_share": 0.8,
  "avg_json_gz": 2217.68195,
  "avg_fallback_gz": 2118.2212,
  "avg_v12_gz": 1354.76975,
  "avg_v13_gz": 1039.5392,
  "v12_vs_fb": 1.5635285626948787,
  "v13_vs_fb": 2.0376539913069176,
  "v13_vs_v12": 1.3032406570141848,
  "roundtrip_fail": 0,
  "runtime_ms": 119533.72083399881
}