{
  "timestamp": "2026-01-21T21:31:43.531217+00:00",
  "depth": 30,
  "families": 8,
  "messages": 4096,
  "mutate_rate": 1.0,
  "skew": 0.8,
  "seed": 1337,
  "avg_json_gz": 257.4794921875,
  "avg_fallback_gz": 217.24609375,
  "avg_catalog_gz": 167.27685546875,
  "savings_vs_json_gz": 0.350329402751281,
  "savings_vs_fallback_gz": 0.23001213701339562,
  "handshake_overhead_gz": 97,
  "roundtrip_fail": 0,
  "runtime_ms": 1564.2313070002274
}