{
  "timestamp": 1761322831.6440938,
  "avg_superposition": 0.9854513512936169,
  "avg_entanglement": 0.9418643492154036,
  "avg_resonance": 1.7573435712866148
}