{
  "alpha_final": 0.37704010323378306,
  "err_final": 2.75703378310234,
  "test_id": "I01",
  "v_final": 5.75703378310234,
  "v_target": 3.0
}