{
  "meta": {
    "generated": "2025-10-01T21:47:28.646607",
    "python": "3.12.1",
    "system": "Linux x86_64"
  },
  "core": [
    {
      "expr": "add_chain",
      "size_photon": 6,
      "size_basic": 8,
      "size_adv": 8,
      "size_sympy": 8,
      "t_photon": {
        "mean": 2.011661979777273,
        "median": 1.8655125022633001,
        "stddev": 0.31320957972851693
      },
      "t_basic": {
        "mean": 0.6148350001603831,
        "median": 0.5979244997433852,
        "stddev": 0.054807149673226536
      },
      "t_adv": {
        "mean": 0.9200420403067255,
        "median": 0.9466750016144942,
        "stddev": 0.1593115657382802
      },
      "t_sympy": {
        "mean": 4.661982619873015,
        "median": 4.637965499568963,
        "stddev": 0.1025006265544537
      },
      "comp_raw": 0.25,
      "comp_basic": 0.0,
      "comp_adv": 0.0,
      "speed_raw": 0.40222647245579435,
      "speed_basic": 0.12891956608969046,
      "speed_adv": 0.2041142828040603
    },
    {
      "expr": "mul_chain",
      "size_photon": 6,
      "size_basic": 8,
      "size_adv": 8,
      "size_sympy": 8,
      "t_photon": {
        "mean": 1.1456975200417219,
        "median": 1.110189001337858,
        "stddev": 0.15145534871308305
      },
      "t_basic": {
        "mean": 0.6036412802495761,
        "median": 0.520931000210112,
        "stddev": 0.1470253947683658
      },
      "t_adv": {
        "mean": 0.6751045800046995,
        "median": 0.5424410010164138,
        "stddev": 0.21307259254829247
      },
      "t_sympy": {
        "mean": 2.5061277804343263,
        "median": 2.4452284997096285,
        "stddev": 0.1965329896746233
      },
      "comp_raw": 0.25,
      "comp_basic": 0.0,
      "comp_adv": 0.0,
      "speed_raw": 0.4540226001249753,
      "speed_basic": 0.21303980395777844,
      "speed_adv": 0.22183652819392086
    },
    {
      "expr": "grad_add",
      "size_photon": 7,
      "size_basic": 5,
      "size_adv": 5,
      "size_sympy": 5,
      "t_photon": {
        "mean": 3.2591581402084557,
        "median": 3.0136525001580594,
        "stddev": 0.6844267345672558
      },
      "t_basic": {
        "mean": 0.8678793999570189,
        "median": 0.7745795010123402,
        "stddev": 0.2035429107970738
      },
      "t_adv": {
        "mean": 1.1432967799919425,
        "median": 1.160117499239277,
        "stddev": 0.10969421045728917
      },
      "t_sympy": {
        "mean": 3.6097158598568058,
        "median": 3.575154500140343,
        "stddev": 0.11367762577080799
      },
      "comp_raw": -0.4,
      "comp_basic": 0.0,
      "comp_adv": 0.0,
      "speed_raw": 0.8429432909933706,
      "speed_basic": 0.21665623149487218,
      "speed_adv": 0.324494367780116
    },
    {
      "expr": "grad_mul",
      "size_photon": 14,
      "size_basic": 6,
      "size_adv": 6,
      "size_sympy": 6,
      "t_photon": {
        "mean": 6.502888579925639,
        "median": 6.161640501886723,
        "stddev": 0.9151798464700213
      },
      "t_basic": {
        "mean": 0.7586625197291141,
        "median": 0.7134744992072228,
        "stddev": 0.11781837548740298
      },
      "t_adv": {
        "mean": 0.7324460999370785,
        "median": 0.7312779998756014,
        "stddev": 0.01566055405287299
      },
      "t_sympy": {
        "mean": 4.220343920169398,
        "median": 4.129908000322757,
        "stddev": 0.37724768863819946
      },
      "comp_raw": -1.3333333333333333,
      "comp_basic": 0.0,
      "comp_adv": 0.0,
      "speed_raw": 1.4919558744178278,
      "speed_basic": 0.17275796437873772,
      "speed_adv": 0.1770688353877256
    },
    {
      "expr": "nested",
      "size_photon": 30,
      "size_basic": 9,
      "size_adv": 9,
      "size_sympy": 9,
      "t_photon": {
        "mean": 13.04664335999405,
        "median": 12.921296500280732,
        "stddev": 0.9026265897379248
      },
      "t_basic": {
        "mean": 1.1736750198178925,
        "median": 1.0914039994531777,
        "stddev": 0.21776340719092485
      },
      "t_adv": {
        "mean": 1.0344878194882767,
        "median": 1.0288729990861611,
        "stddev": 0.01805513535766129
      },
      "t_sympy": {
        "mean": 8.260776460010675,
        "median": 7.765445499899215,
        "stddev": 2.1376358875332784
      },
      "comp_raw": -2.3333333333333335,
      "comp_basic": 0.0,
      "comp_adv": 0.0,
      "speed_raw": 1.6639478701445312,
      "speed_basic": 0.14054621843232853,
      "speed_adv": 0.13249375056453805
    }
  ],
  "stress": [
    {
      "expr": "add_chain_10",
      "size_photon": 11,
      "size_basic": 11,
      "size_adv": 11,
      "size_sympy": 11,
      "t_photon": {
        "mean": 3.2520913799089612,
        "median": 3.1357950010715285,
        "stddev": 0.36531907322832197
      },
      "t_basic": {
        "mean": 0.824164300065604,
        "median": 0.7864609997341176,
        "stddev": 0.07753451228098464
      },
      "t_adv": {
        "mean": 0.8118756399198901,
        "median": 0.8048349991440773,
        "stddev": 0.033571842339418484
      },
      "t_sympy": {
        "mean": 8.396855220198631,
        "median": 8.35634700160881,
        "stddev": 0.19090394556751783
      },
      "comp_raw": 0.0,
      "comp_basic": 0.0,
      "comp_adv": 0.0,
      "speed_raw": 0.3752590695991691,
      "speed_basic": 0.09411540707712399,
      "speed_adv": 0.09631421469083631
    },
    {
      "expr": "add_chain_50",
      "size_photon": 51,
      "size_basic": 51,
      "size_adv": 51,
      "size_sympy": 51,
      "t_photon": {
        "mean": 14.391496919997735,
        "median": 13.965267498861067,
        "stddev": 1.2886386407129227
      },
      "t_basic": {
        "mean": 2.6113611801702064,
        "median": 2.514116498787189,
        "stddev": 0.22074713610124916
      },
      "t_adv": {
        "mean": 2.692662719928194,
        "median": 2.5215450004907325,
        "stddev": 0.4849939325665091
      },
      "t_sympy": {
        "mean": 38.326635159755824,
        "median": 37.292992001312086,
        "stddev": 3.224859995235179
      },
      "comp_raw": 0.0,
      "comp_basic": 0.0,
      "comp_adv": 0.0,
      "speed_raw": 0.37447431137651077,
      "speed_basic": 0.06741525321161505,
      "speed_adv": 0.0676144461780384
    },
    {
      "expr": "add_chain_100",
      "size_photon": 101,
      "size_basic": 101,
      "size_adv": 101,
      "size_sympy": 101,
      "t_photon": {
        "mean": 29.871057059863233,
        "median": 29.397559499557246,
        "stddev": 2.373707545352593
      },
      "t_basic": {
        "mean": 4.953530019993195,
        "median": 4.886138500296511,
        "stddev": 0.3264701092101769
      },
      "t_adv": {
        "mean": 4.997333759820322,
        "median": 4.992050500732148,
        "stddev": 0.05270679991519539
      },
      "t_sympy": {
        "mean": 77.43511963984929,
        "median": 75.23098099773051,
        "stddev": 5.456717755498305
      },
      "comp_raw": 0.0,
      "comp_basic": 0.0,
      "comp_adv": 0.0,
      "speed_raw": 0.3907640058614161,
      "speed_basic": 0.064948488448448,
      "speed_adv": 0.0663563127122155
    },
    {
      "expr": "mul_chain_10",
      "size_photon": 11,
      "size_basic": 11,
      "size_adv": 11,
      "size_sympy": 11,
      "t_photon": {
        "mean": 1.4115383997705067,
        "median": 1.3947899988124846,
        "stddev": 0.07411595198958022
      },
      "t_basic": {
        "mean": 0.5625061401951825,
        "median": 0.5315005000738893,
        "stddev": 0.06775168575921833
      },
      "t_adv": {
        "mean": 0.5492638801661087,
        "median": 0.5478964994836133,
        "stddev": 0.017657916709117122
      },
      "t_sympy": {
        "mean": 2.5186576799023896,
        "median": 2.464604500346468,
        "stddev": 0.22180100618612753
      },
      "comp_raw": 0.0,
      "comp_basic": 0.0,
      "comp_adv": 0.0,