{
  "meta": {
    "generated": "2025-09-27T20:40:44.736273",
    "python": "3.12.1",
    "system": "Linux x86_64"
  },
  "core": [
    {
      "expr": "add_chain",
      "size_photon": 6,
      "size_basic": 8,
      "size_adv": 8,
      "size_sympy": 8,
      "t_photon": {
        "mean": 2.091430459950061,
        "median": 1.8353130003561091,
        "stddev": 0.40422494122157987
      },
      "t_basic": {
        "mean": 0.6199078600002395,
        "median": 0.6165300001157448,
        "stddev": 0.02578175040254562
      },
      "t_adv": {
        "mean": 0.6898908599760034,
        "median": 0.6484900000032212,
        "stddev": 0.1006001498945331
      },
      "t_sympy": {
        "mean": 4.746118600014597,
        "median": 4.665777499667456,
        "stddev": 0.2568631172609856
      },
      "comp_raw": 0.25,
      "comp_basic": 0.0,
      "comp_adv": 0.0,
      "speed_raw": 0.3933563056718665,
      "speed_basic": 0.13213874861364192,
      "speed_adv": 0.13898862516471072
    },
    {
      "expr": "mul_chain",
      "size_photon": 6,
      "size_basic": 8,
      "size_adv": 8,
      "size_sympy": 8,
      "t_photon": {
        "mean": 1.147545559961145,
        "median": 1.1108019998573582,
        "stddev": 0.09998609905036472
      },
      "t_basic": {
        "mean": 0.7629556598840281,
        "median": 0.8490334998896287,
        "stddev": 0.15976540891905283
      },
      "t_adv": {
        "mean": 0.7601812600478297,
        "median": 0.8495749998473912,
        "stddev": 0.18530900839343128
      },
      "t_sympy": {
        "mean": 3.439851380062464,
        "median": 2.4940220005191804,
        "stddev": 2.6118894101591446
      },
      "comp_raw": 0.25,
      "comp_basic": 0.0,
      "comp_adv": 0.0,
      "speed_raw": 0.4453858063906904,
      "speed_basic": 0.34042742995566416,
      "speed_adv": 0.3406445491140556
    },
    {
      "expr": "grad_add",
      "size_photon": 7,
      "size_basic": 5,
      "size_adv": 5,
      "size_sympy": 5,
      "t_photon": {
        "mean": 4.041181639950082,
        "median": 3.5544744996514055,
        "stddev": 1.7934572598028904
      },
      "t_basic": {
        "mean": 0.8126642399474804,
        "median": 0.733708999632654,
        "stddev": 0.1689741546914079
      },
      "t_adv": {
        "mean": 0.7362760199976037,
        "median": 0.7098640003277978,
        "stddev": 0.0963411480593478
      },
      "t_sympy": {
        "mean": 3.8228331399113813,
        "median": 3.6008614997626864,
        "stddev": 0.5891613741120956
      },
      "comp_raw": -0.4,
      "comp_basic": 0.0,
      "comp_adv": 0.0,
      "speed_raw": 0.9871178049712998,
      "speed_basic": 0.20375929473572058,
      "speed_adv": 0.1971372685049345
    },
    {
      "expr": "grad_mul",
      "size_photon": 14,
      "size_basic": 6,
      "size_adv": 6,
      "size_sympy": 6,
      "t_photon": {
        "mean": 6.578813219948643,
        "median": 6.1036249999233405,
        "stddev": 0.9215736106216914
      },
      "t_basic": {
        "mean": 0.7577907199447509,
        "median": 0.7492375002584595,
        "stddev": 0.038123553865479186
      },
      "t_adv": {
        "mean": 0.7713511000292783,
        "median": 0.7653770003344107,
        "stddev": 0.035121180714525406
      },
      "t_sympy": {
        "mean": 4.21433674000582,
        "median": 4.129191499487206,
        "stddev": 0.4100794177123674
      },
      "comp_raw": -1.3333333333333333,
      "comp_basic": 0.0,
      "comp_adv": 0.0,
      "speed_raw": 1.4781646723532524,
      "speed_basic": 0.18144895928210292,
      "speed_adv": 0.18535759371524935
    },
    {
      "expr": "nested",
      "size_photon": 30,
      "size_basic": 9,
      "size_adv": 9,
      "size_sympy": 9,
      "t_photon": {
        "mean": 12.625863459998072,
        "median": 12.490147000335128,
        "stddev": 1.0320769241306953
      },
      "t_basic": {
        "mean": 1.113257259967213,
        "median": 1.0416979998808529,
        "stddev": 0.17738182132987698
      },
      "t_adv": {
        "mean": 1.0567591199469462,
        "median": 1.0503339999559103,
        "stddev": 0.034376603007311685
      },
      "t_sympy": {
        "mean": 8.777902920064662,
        "median": 7.815533000211872,
        "stddev": 2.4003580429360785
      },
      "comp_raw": -2.3333333333333335,
      "comp_basic": 0.0,
      "comp_adv": 0.0,
      "speed_raw": 1.5981183880864596,
      "speed_basic": 0.13328559931262698,
      "speed_adv": 0.13439057834282533
    }
  ],
  "stress": [
    {
      "expr": "add_chain_10",
      "size_photon": 11,
      "size_basic": 11,
      "size_adv": 11,
      "size_sympy": 11,
      "t_photon": {
        "mean": 3.240085160032322,
        "median": 3.031239499705407,
        "stddev": 0.4701158419562312
      },
      "t_basic": {
        "mean": 0.8795696799461439,
        "median": 0.8052970001699578,
        "stddev": 0.1657350828481332
      },
      "t_adv": {
        "mean": 0.8909079200930137,
        "median": 0.8282194999083003,
        "stddev": 0.1592881060934405
      },
      "t_sympy": {
        "mean": 8.447611979954672,
        "median": 8.406841000123677,
        "stddev": 0.1972581121462838
      },
      "comp_raw": 0.0,
      "comp_basic": 0.0,
      "comp_adv": 0.0,
      "speed_raw": 0.3605681967412983,
      "speed_basic": 0.0957906781106138,
      "speed_adv": 0.09851732653158493
    },
    {
      "expr": "add_chain_50",
      "size_photon": 51,
      "size_basic": 51,
      "size_adv": 51,
      "size_sympy": 51,
      "t_photon": {
        "mean": 14.049338759959937,
        "median": 13.731623000239779,
        "stddev": 1.2537673925524149
      },
      "t_basic": {
        "mean": 2.810417340024287,
        "median": 2.5484534999122843,
        "stddev": 0.528111958575511
      },
      "t_adv": {
        "mean": 2.567937720050395,
        "median": 2.5390760001755552,
        "stddev": 0.11011781068855978
      },
      "t_sympy": {
        "mean": 39.35053732004235,
        "median": 37.981339499765454,
        "stddev": 4.0811065974060154
      },
      "comp_raw": 0.0,
      "comp_basic": 0.0,
      "comp_adv": 0.0,
      "speed_raw": 0.36153603798845946,
      "speed_basic": 0.06709751508179489,
      "speed_adv": 0.06685061752999087
    },
    {
      "expr": "add_chain_100",
      "size_photon": 101,
      "size_basic": 101,
      "size_adv": 101,
      "size_sympy": 101,
      "t_photon": {
        "mean": 29.96410311996442,
        "median": 29.348762500376324,
        "stddev": 2.3764803509311068
      },
      "t_basic": {
        "mean": 5.597637480022968,
        "median": 4.970084999968094,
        "stddev": 2.769096406423846
      },
      "t_adv": {
        "mean": 5.13536518014007,
        "median": 4.983530500339839,
        "stddev": 0.553380469390322
      },
      "t_sympy": {
        "mean": 79.39551326002402,
        "median": 75.84515500002453,
        "stddev": 8.433035242480667
      },
      "comp_raw": 0.0,
      "comp_basic": 0.0,
      "comp_adv": 0.0,
      "speed_raw": 0.38695632569235083,
      "speed_basic": 0.06552936703691206,
      "speed_adv": 0.06570664270299437
    },
    {
      "expr": "mul_chain_10",
      "size_photon": 11,
      "size_basic": 11,
      "size_adv": 11,
      "size_sympy": 11,
      "t_photon": {
        "mean": 1.4332192399524502,
        "median": 1.4018650003890798,
        "stddev": 0.13924212401546007
      },
      "t_basic": {
        "mean": 0.544302640028036,
        "median": 0.5453620001389936,
        "stddev": 0.01537621596473127
      },
      "t_adv": {
        "mean": 0.6115292399954342,
        "median": 0.5731195001317246,
        "stddev": 0.11535230963505021
      },
      "t_sympy": {
        "mean": 3.409575359946757,
        "median": 2.5536934999763616,
        "stddev": 2.4766435282872754
      },
      "comp_raw": 0.0,
      "comp_basic": 0.0,
      "comp_adv": 0.0,
      "speed_raw": 0.5489558556663343,