{
  "timestamp": "2025-12-30T19:18:08.007619+00:00",
  "constants": {
    "\u0127": 0.001,
    "G": 1e-05,
    "\u039b": 1e-06,
    "\u03b1": 0.5,
    "\u03b2": 0.2,
    "\u03c7": 1.0
  },
  "params": {
    "N": 128,
    "steps": 1000,
    "dt": 0.001,
    "dx": 1.0,
    "damping": 0.035,
    "boost_fracs": [
      0.0,
      0.1,
      0.2,
      0.3,
      0.4
    ],
    "noise_strength": 0.002
  },
  "derived": {
    "c_eff": 0.7071067811865476,
    "R_sync_mean": 3.0522656302607587e-07,
    "R_sync_var": 2.74984457772703e-07,
    "entropy_var": 1.3151040624826176e-05
  },
  "files": {
    "plot": "PAEV_K5_global_invariance.png"
  },
  "notes": [
    "Global synchrony mean R_sync = 0.0000, variance \u03c3_R = 2.750e-07.",
    "Entropy variance \u03c3_S = 1.315e-05 across boosts [0.0, 0.1, 0.2, 0.3, 0.4].",
    "Constant R_sync across boosts confirms causal-relativistic invariance.",
    "Deviation \u03c3_R < 1e-3 satisfies Tessaris Unified Constants & Verification Protocol."
  ]
}