{
  "Phi": NaN,
  "R": 0.9999999999999931,
  "S": "stable",
  "gain": 0.9699999999999991,
  "timestamp": 1760791027.874297
}